﻿sampleid,Species_Letter,Species_short,Species_number,Species,Site,Site_number,Site_x_species,Trichroistia,Callistia,Venusta,Lutrensis,Invasive,Species_present,Site_type,Latitude,Longitude,Date,Month,TBL,Sex,Watershed,OTU_count,Reads_count,18s_OTUs_per_site,18s_PD_SitexSpecies,18s_PD_Site,18s_PD_Species,16s_PD,Water_sample_PD
FA45216S,C,C. callistia,5,Cyprinella callistia,Locust,6 Locust,LocustC,No,Yes,No,No,Native_cyprinella,NV,med_river,34.023618,-86.5731746,7.14.22,July,9.8,BM,Coosa,231,25889,11,7.63,7.6,34.3,219.2196397,183.1140847
FA45316S,C,C. callistia,5,Cyprinella callistia,Locust,6 Locust,LocustC,No,Yes,No,No,Native_cyprinella,NV,med_river,34.023618,-86.5731746,7.14.22,July,8.2,BM,Coosa,302,21950,11,7.63,7.6,34.3,236.6387556,183.1140847
FA45516S,C,C. callistia,5,Cyprinella callistia,Locust,6 Locust,LocustC,No,Yes,No,No,Native_cyprinella,NV,med_river,34.023618,-86.5731746,7.14.22,July,9.8,BM,Coosa,294,17963,11,7.63,7.6,34.3,237.6883709,183.1140847
FA45816S,C,C. callistia,5,Cyprinella callistia,Locust,6 Locust,LocustC,No,Yes,No,No,Native_cyprinella,NV,med_river,34.023618,-86.5731746,7.14.22,July,8.5,BM,Coosa,293,17037,11,7.63,7.6,34.3,249.1695186,183.1140847
FA45916S,C,C. callistia,5,Cyprinella callistia,Locust,6 Locust,LocustC,No,Yes,No,No,Native_cyprinella,NV,med_river,34.023618,-86.5731746,7.14.22,July,8.9,BM,Coosa,275,15301,11,7.63,7.6,34.3,247.4302421,183.1140847
FA47916S,C,C. callistia,5,Cyprinella callistia,Terrapin,7 Terrapin,TerrapinC,No,Yes,No,No,Native_cyprinella,NT,med_river,33.9787995,-85.601604,7.26.22,July,8.4,BM,Coosa,291,36935,18,25.1,25.1,34.3,286.1243757,212.1895072
FA48116S,C,C. callistia,5,Cyprinella callistia,Terrapin,7 Terrapin,TerrapinC,No,Yes,No,No,Native_cyprinella,NT,med_river,33.9787995,-85.601604,7.26.22,July,7.5,BM,Coosa,372,33769,18,25.1,25.1,34.3,303.2063954,212.1895072
FA48216S,C,C. callistia,5,Cyprinella callistia,Terrapin,7 Terrapin,TerrapinC,No,Yes,No,No,Native_cyprinella,NT,med_river,33.9787995,-85.601604,7.26.22,July,5.7,GF,Coosa,215,27362,18,25.1,25.1,34.3,203.4322709,212.1895072
FA48516S,C,C. callistia,5,Cyprinella callistia,Terrapin,7 Terrapin,TerrapinC,No,Yes,No,No,Native_cyprinella,NT,med_river,33.9787995,-85.601604,7.26.22,July,7.1,GF,Coosa,270,30027,18,25.1,25.1,34.3,241.5875623,212.1895072
FA48616S,C,C. callistia,5,Cyprinella callistia,Terrapin,7 Terrapin,TerrapinC,No,Yes,No,No,Native_cyprinella,NT,med_river,33.9787995,-85.601604,7.26.22,July,7.8,BM,Coosa,276,28096,18,25.1,25.1,34.3,239.9289114,212.1895072
FA49416S,C,C. callistia,5,Cyprinella callistia,Conasauga,3 Conasauga,ConC,No,Yes,No,No,Native_cyprinella,NVNT,med_river,35.0098005,-84.7341849,7.28.22,July,9.7,BM,Coosa,318,32791,16,21.9,26.1,34.3,265.4699357,38.90902923
FA49816S,C,C. callistia,5,Cyprinella callistia,Conasauga,3 Conasauga,ConC,No,Yes,No,No,Native_cyprinella,NVNT,med_river,35.0098005,-84.7341849,7.28.22,July,7.5,BM,Coosa,250,23600,16,21.9,26.1,34.3,242.1952042,38.90902923
FA50016S,C,C. callistia,5,Cyprinella callistia,Conasauga,3 Conasauga,ConC,No,Yes,No,No,Native_cyprinella,NVNT,med_river,35.0098005,-84.7341849,7.28.22,July,7,NA,Coosa,282,28196,16,21.9,26.1,34.3,250.0389236,38.90902923
FA32316S,L,C. lutrensis,1,Cyprinella lutrensis,Weiss,8 Weiss,WeissL,No,No,No,Yes,Invasive_lutrensis,NVIL,lacustrine,34.20216,-85.6226,5.19.22,May,7.3,NA,Coosa,213,50481,69,67.9,81.6,129.2,244.9245544,151.2006138
FA32516S,L,C. lutrensis,1,Cyprinella lutrensis,Weiss,8 Weiss,WeissL,No,No,No,Yes,Invasive_lutrensis,NVIL,lacustrine,34.20216,-85.6226,5.19.22,May,6.9,NA,Coosa,197,52798,69,67.9,81.6,129.2,224.2922857,151.2006138
FA32616S,L,C. lutrensis,1,Cyprinella lutrensis,Weiss,8 Weiss,WeissL,No,No,No,Yes,Invasive_lutrensis,NVIL,lacustrine,34.20216,-85.6226,5.19.22,May,6.6,NA,Coosa,427,40078,69,67.9,81.6,129.2,405.7813878,151.2006138
FA32816S,L,C. lutrensis,1,Cyprinella lutrensis,Weiss,8 Weiss,WeissL,No,No,No,Yes,Invasive_lutrensis,NVIL,lacustrine,34.20216,-85.6226,5.19.22,May,6.4,NA,Coosa,374,27936,69,67.9,81.6,129.2,357.4548734,151.2006138
FA32916S,L,C. lutrensis,1,Cyprinella lutrensis,Weiss,8 Weiss,WeissL,No,No,No,Yes,Invasive_lutrensis,NVIL,lacustrine,34.20216,-85.6226,5.19.22,May,6.1,NA,Coosa,326,30213,69,67.9,81.6,129.2,314.302088,151.2006138
FA33016S,L,C. lutrensis,1,Cyprinella lutrensis,Weiss,8 Weiss,WeissL,No,No,No,Yes,Invasive_lutrensis,NVIL,lacustrine,34.20216,-85.6226,5.19.22,May,6.2,NA,Coosa,23,54779,69,67.9,81.6,129.2,74.20997685,151.2006138
FA33716S,L,C. lutrensis,1,Cyprinella lutrensis,Weiss,8 Weiss,WeissL,No,No,No,Yes,Invasive_lutrensis,NVIL,lacustrine,34.20216,-85.6226,5.22.22,May,6.6,GF,Coosa,239,19841,69,67.9,81.6,129.2,315.6181459,151.2006138
FA33816S,L,C. lutrensis,1,Cyprinella lutrensis,Weiss,8 Weiss,WeissL,No,No,No,Yes,Invasive_lutrensis,NVIL,lacustrine,34.20216,-85.6226,5.22.22,May,7.3,BM,Coosa,254,25084,69,67.9,81.6,129.2,278.2427091,151.2006138
FA33916S,L,C. lutrensis,1,Cyprinella lutrensis,Weiss,8 Weiss,WeissL,No,No,No,Yes,Invasive_lutrensis,NVIL,lacustrine,34.20216,-85.6226,5.22.22,May,6.7,NA,Coosa,279,28189,69,67.9,81.6,129.2,290.1843017,151.2006138
FA37216S,L,C. lutrensis,1,Cyprinella lutrensis,Proctor,2 Proctor,AtlantaL,No,No,No,Yes,Invasive_lutrensis,IL,small_creek,33.7808913,-84.4441272,6.3.22,June,6.6,BM,Chattahoochee,269,17637,47,54.9,54.9,129.2,274.7004793,221.0608825
FA37816S,L,C. lutrensis,1,Cyprinella lutrensis,Peachtree,1 Peachtree,AtlantaL,No,No,No,Yes,Invasive_lutrensis,IL,small_creek,33.8074518,-84.3562782,6.6.22,June,6.8,GF,Chattahoochee,195,9499,47,54.9,54.9,129.2,238.4740862,176.558256
FA37916S,L,C. lutrensis,1,Cyprinella lutrensis,Peachtree,1 Peachtree,AtlantaL,No,No,No,Yes,Invasive_lutrensis,IL,small_creek,33.8074518,-84.3562782,6.6.22,June,6.9,GF,Chattahoochee,34,26821,47,54.9,54.9,129.2,44.82835471,176.558256
FA38016S,L,C. lutrensis,1,Cyprinella lutrensis,Peachtree,1 Peachtree,AtlantaL,No,No,No,Yes,Invasive_lutrensis,IL,small_creek,33.8074518,-84.3562782,6.6.22,June,5.8,GF,Chattahoochee,227,14674,47,54.9,54.9,129.2,237.6004203,176.558256
FA38216S,L,C. lutrensis,1,Cyprinella lutrensis,Peachtree,1 Peachtree,AtlantaL,No,No,No,Yes,Invasive_lutrensis,IL,small_creek,33.8074518,-84.3562782,6.6.22,June,6.5,BM,Chattahoochee,254,17476,47,54.9,54.9,129.2,264.1313183,176.558256
FA39316S,L,C. lutrensis,1,Cyprinella lutrensis,Weiss,8 Weiss,WeissL,No,No,No,Yes,Invasive_lutrensis,NVIL,lacustrine,34.20216,-85.6226,6.7.22,June,7.7,NA,Coosa,34,39685,69,67.9,81.6,129.2,101.0062459,151.2006138
FA39416S,L,C. lutrensis,1,Cyprinella lutrensis,Weiss,8 Weiss,WeissL,No,No,No,Yes,Invasive_lutrensis,NVIL,lacustrine,34.20216,-85.6226,6.7.22,June,6.8,NA,Coosa,52,46644,69,67.9,81.6,129.2,120.8391094,151.2006138
FA39516S,L,C. lutrensis,1,Cyprinella lutrensis,Weiss,8 Weiss,WeissL,No,No,No,Yes,Invasive_lutrensis,NVIL,lacustrine,34.20216,-85.6226,6.7.22,June,7.8,BM,Coosa,59,2193,69,67.9,81.6,129.2,107.0908099,151.2006138
FA39816S,L,C. lutrensis,1,Cyprinella lutrensis,Weiss,8 Weiss,WeissL,No,No,No,Yes,Invasive_lutrensis,NVIL,lacustrine,34.20216,-85.6226,6.7.22,June,7.2,NA,Coosa,233,25944,69,67.9,81.6,129.2,213.2036268,151.2006138
FA40016S,L,C. lutrensis,1,Cyprinella lutrensis,Weiss,8 Weiss,WeissL,No,No,No,Yes,Invasive_lutrensis,NVIL,lacustrine,34.20216,-85.6226,6.7.22,June,7.4,BM,Coosa,103,40932,69,67.9,81.6,129.2,194.7488371,151.2006138
FA40616S,L,C. lutrensis,1,Cyprinella lutrensis,Dead,5 Dead,DeadL,No,No,No,Yes,Invasive_lutrensis,NVIL,lacustrine,34.12852,-85.79367,7.2.22,July,6.6,NA,Coosa,283,25660,14,7.1,9.4,129.2,321.9471018,229.1103003
FA41416S,L,C. lutrensis,1,Cyprinella lutrensis,Peachtree,1 Peachtree,AtlantaL,No,No,No,Yes,Invasive_lutrensis,IL,small_creek,33.8007,-84.34101,7.5.22,July,6.7,GF,Chattahoochee,33,40558,47,54.9,54.9,129.2,84.87642447,176.558256
FA41516S,L,C. lutrensis,1,Cyprinella lutrensis,Peachtree,1 Peachtree,AtlantaL,No,No,No,Yes,Invasive_lutrensis,IL,small_creek,33.8007,-84.34101,7.5.22,July,7.3,GF,Chattahoochee,88,7709,47,54.9,54.9,129.2,118.7820909,176.558256
FA42016S,L,C. lutrensis,1,Cyprinella lutrensis,Peachtree,1 Peachtree,AtlantaL,No,No,No,Yes,Invasive_lutrensis,IL,small_creek,33.8007,-84.34101,7.5.22,July,7.5,BM,Chattahoochee,318,20263,47,54.9,54.9,129.2,265.5499033,176.558256
FA42116S,L,C. lutrensis,1,Cyprinella lutrensis,Peachtree,1 Peachtree,AtlantaL,No,No,No,Yes,Invasive_lutrensis,IL,small_creek,33.8007,-84.34101,7.5.22,July,6.9,BM,Chattahoochee,105,31520,47,54.9,54.9,129.2,130.4440452,176.558256
FA42216S,L,C. lutrensis,1,Cyprinella lutrensis,Peachtree,1 Peachtree,AtlantaL,No,No,No,Yes,Invasive_lutrensis,IL,small_creek,33.8007,-84.34101,7.5.22,July,6.5,BM,Chattahoochee,208,22029,47,54.9,54.9,129.2,200.933464,176.558256
FA42616S,L,C. lutrensis,1,Cyprinella lutrensis,Turkey,9 Turkey,TurkeyL,No,No,No,Yes,Native_lutrensis,NL,small_creek,39.0337601,-94.6881547,7.8.22,July,6.9,BM,Missouri,353,27707,32,50.9,51,129.2,299.4388626,149.0727611
FA42716S,L,C. lutrensis,1,Cyprinella lutrensis,Turkey,9 Turkey,TurkeyL,No,No,No,Yes,Native_lutrensis,NL,small_creek,39.0337601,-94.6881547,7.8.22,July,6.8,GF,Missouri,31,15120,32,50.9,51,129.2,44.93138431,149.0727611
FA42816S,L,C. lutrensis,1,Cyprinella lutrensis,Turkey,9 Turkey,TurkeyL,No,No,No,Yes,Native_lutrensis,NL,small_creek,39.0337601,-94.6881547,7.8.22,July,7.3,GF,Missouri,449,43967,32,50.9,51,129.2,383.0222152,149.0727611
FA43116S,L,C. lutrensis,1,Cyprinella lutrensis,Turkey,9 Turkey,TurkeyL,No,No,No,Yes,Native_lutrensis,NL,small_creek,39.0337601,-94.6881547,7.8.22,July,6.7,BM,Missouri,221,25220,32,50.9,51,129.2,231.5019341,149.0727611
FA43216S,L,C. lutrensis,1,Cyprinella lutrensis,Turkey,9 Turkey,TurkeyL,No,No,No,Yes,Native_lutrensis,NL,small_creek,39.0337601,-94.6881547,7.8.22,July,6.3,BM,Missouri,342,30713,32,50.9,51,129.2,328.7370272,149.0727611
FA43316S,L,C. lutrensis,1,Cyprinella lutrensis,Turkey,9 Turkey,TurkeyL,No,No,No,Yes,Native_lutrensis,NL,small_creek,39.0337601,-94.6881547,7.8.22,July,6.7,GF,Missouri,412,35284,32,50.9,51,129.2,371.8597545,149.0727611
FA43416S,L,C. lutrensis,1,Cyprinella lutrensis,Turkey,9 Turkey,TurkeyL,No,No,No,Yes,Native_lutrensis,NL,small_creek,39.0337601,-94.6881547,7.8.22,July,6.4,BM,Missouri,346,37326,32,50.9,51,129.2,300.0835454,149.0727611
FA43516S,L,C. lutrensis,1,Cyprinella lutrensis,Turkey,9 Turkey,TurkeyL,No,No,No,Yes,Native_lutrensis,NL,small_creek,39.0337601,-94.6881547,7.8.22,July,7,BM,Missouri,257,24788,32,50.9,51,129.2,215.6272046,149.0727611
FA43616S,L,C. lutrensis,1,Cyprinella lutrensis,Turkey,9 Turkey,TurkeyL,No,No,No,Yes,Native_lutrensis,NL,small_creek,39.0337601,-94.6881547,7.8.22,July,6.9,BM,Missouri,376,38679,32,50.9,51,129.2,360.6334663,149.0727611
FA43816S,L,C. lutrensis,1,Cyprinella lutrensis,Turkey,9 Turkey,TurkeyL,No,No,No,Yes,Native_lutrensis,NL,small_creek,39.0337601,-94.6881547,7.8.22,July,7,BM,Missouri,298,19954,32,50.9,51,129.2,285.0766838,149.0727611
FA43916S,L,C. lutrensis,1,Cyprinella lutrensis,Turkey,9 Turkey,TurkeyL,No,No,No,Yes,Native_lutrensis,NL,small_creek,39.0337601,-94.6881547,7.8.22,July,6.2,BM,Missouri,215,18336,32,50.9,51,129.2,201.2610864,149.0727611
FA44116S,L,C. lutrensis,1,Cyprinella lutrensis,Turkey,9 Turkey,TurkeyL,No,No,No,Yes,Native_lutrensis,NL,small_creek,39.0337601,-94.6881547,7.8.22,July,6.5,BM,Missouri,278,22114,32,50.9,51,129.2,289.8612279,149.0727611
FA44216S,L,C. lutrensis,1,Cyprinella lutrensis,Turkey,9 Turkey,TurkeyL,No,No,No,Yes,Native_lutrensis,NL,small_creek,39.0337601,-94.6881547,7.8.22,July,6.8,GF,Missouri,215,16276,32,50.9,51,129.2,284.8697116,149.0727611
FA47416S,L,C. lutrensis,1,Cyprinella lutrensis,Weiss,8 Weiss,WeissL,No,No,No,No,Invasive_lutrensis,NVIL,lacustrine,34.20216,-85.6226,7.21.22,July,6.3,NA,Coosa,320,29806,69,67.9,81.6,129.2,288.5498345,151.2006138
FA39116S,LV,C. lutrensis x venusta,3,Cyprinella lutrensis x venusta,Weiss,8 Weiss,WeissVL,No,No,No,No,Invasive_lutrensis,NVIL,lacustrine,34.20216,-85.6226,6.7.22,June,7,NA,Coosa,227,31567,69,36.9,81.6,0,217.8938102,151.2006138
FA40716S,LV,C. lutrensis x venusta,3,Cyprinella lutrensis x venusta,Dead,5 Dead,DeadVL,No,No,No,No,Invasive_lutrensis,NVIL,lacustrine,34.12852,-85.79367,7.2.22,July,6.6,NA,Coosa,156,28457,14,7.1,9.4,0,188.7625395,229.1103003
FA48716S,T,C. trichroistia,4,Cyprinella trichroistia,Terrapin,7 Terrapin,TerrapinT,Yes,No,No,No,Native_cyprinella,NT,med_river,33.9787995,-85.601604,7.26.22,July,6.1,GF,Coosa,349,40562,18,25.1,25.1,35.2,266.755953,212.1895072
FA48816S,T,C. trichroistia,4,Cyprinella trichroistia,Terrapin,7 Terrapin,TerrapinT,Yes,No,No,No,Native_cyprinella,NT,med_river,33.9787995,-85.601604,7.26.22,July,5.8,GF,Coosa,114,29035,18,25.1,25.1,35.2,161.1247802,212.1895072
FA48916S,T,C. trichroistia,4,Cyprinella trichroistia,Terrapin,7 Terrapin,TerrapinT,Yes,No,No,No,Native_cyprinella,NT,med_river,33.9787995,-85.601604,7.26.22,July,6.4,BM,Coosa,330,37618,18,25.1,25.1,35.2,285.5141872,212.1895072
FA49016S,T,C. trichroistia,4,Cyprinella trichroistia,Terrapin,7 Terrapin,TerrapinT,Yes,No,No,No,Native_cyprinella,NT,med_river,33.9787995,-85.601604,7.26.22,July,6.8,BM,Coosa,307,33519,18,25.1,25.1,35.2,256.6841541,212.1895072
FA49116S,T,C. trichroistia,4,Cyprinella trichroistia,Terrapin,7 Terrapin,TerrapinT,Yes,No,No,No,Native_cyprinella,NT,med_river,33.9787995,-85.601604,7.26.22,July,6.1,BM,Coosa,248,31005,18,25.1,25.1,35.2,211.2066288,212.1895072
FA49216S,T,C. trichroistia,4,Cyprinella trichroistia,Terrapin,7 Terrapin,TerrapinT,Yes,No,No,No,Native_cyprinella,NT,med_river,33.9787995,-85.601604,7.26.22,July,5.6,BM,Coosa,224,22716,18,25.1,25.1,35.2,235.3657114,212.1895072
FA49516S,T,C. trichroistia,4,Cyprinella trichroistia,Conasauga,3 Conasauga,ConT,Yes,No,No,No,Native_cyprinella,NVNT,med_river,35.0098005,-84.7341849,7.28.22,July,9.3,BM,Coosa,333,39410,16,21.9,26.1,35.2,276.1066936,38.90902923
FA49616S,T,C. trichroistia,4,Cyprinella trichroistia,Conasauga,3 Conasauga,ConT,Yes,No,No,No,Native_cyprinella,NVNT,med_river,35.0098005,-84.7341849,7.28.22,July,9,BM,Coosa,347,39211,16,21.9,26.1,35.2,324.1587191,38.90902923
FA49716S,T,C. trichroistia,4,Cyprinella trichroistia,Conasauga,3 Conasauga,ConT,Yes,No,No,No,Native_cyprinella,NVNT,med_river,35.0098005,-84.7341849,7.28.22,July,7.6,BM,Coosa,187,36565,16,21.9,26.1,35.2,191.6391612,38.90902923
FA32416S,V,C. venusta,2,Cyprinella venusta,Weiss,8 Weiss,WeissV,No,No,Yes,No,Native_cyprinella,NVIL,lacustrine,34.20216,-85.6226,5.19.22,May,6.9,NA,Coosa,197,26454,69,36.9,81.6,46.5,216.3437204,151.2006138
FA33516S,V,C. venusta,2,Cyprinella venusta,Weiss,8 Weiss,WeissV,No,No,Yes,No,Native_cyprinella,NVIL,lacustrine,34.20216,-85.6226,5.22.22,May,7.3,NA,Coosa,289,32486,69,36.9,81.6,46.5,341.8532562,151.2006138
FA38816S,V,C. venusta,2,Cyprinella venusta,Weiss,8 Weiss,WeissV,No,No,Yes,No,Native_cyprinella,NVIL,lacustrine,34.20216,-85.6226,6.7.22,June,6.2,NA,Coosa,192,20027,69,36.9,81.6,46.5,202.276399,151.2006138
FA39716S,V,C. venusta,2,Cyprinella venusta,Weiss,8 Weiss,WeissV,No,No,Yes,No,Native_cyprinella,NVIL,lacustrine,34.20216,-85.6226,6.7.22,June,6.5,NA,Coosa,144,146138,69,36.9,81.6,46.5,133.9064934,151.2006138
FA40416S,V,C. venusta,2,Cyprinella venusta,Dead,5 Dead,DeadV,No,No,Yes,No,Native_cyprinella,NVIL,lacustrine,34.12852,-85.79367,7.2.22,July,7.3,NA,Coosa,35,30136,14,7.1,9.4,46.5,74.91057499,229.1103003
FA40516S,V,C. venusta,2,Cyprinella venusta,Dead,5 Dead,DeadV,No,No,Yes,No,Native_cyprinella,NVIL,lacustrine,34.12852,-85.79367,7.2.22,July,8,NA,Coosa,268,23510,14,7.1,9.4,46.5,241.3385827,229.1103003
FA40816S,V,C. venusta,2,Cyprinella venusta,Dead,5 Dead,DeadV,No,No,Yes,No,Native_cyprinella,NVIL,lacustrine,34.12852,-85.79367,7.2.22,July,6.8,NA,Coosa,185,13836,14,7.1,9.4,46.5,223.5458734,229.1103003
FA45116S,V,C. venusta,2,Cyprinella venusta,Locust,6 Locust,LocustV,No,No,Yes,No,Native_cyprinella,NV,med_river,34.023618,-86.5731746,7.14.22,July,9.9,GF,Coosa,283,27900,11,0,7.6,46.5,259.0826652,183.1140847
FA45416S,V,C. venusta,2,Cyprinella venusta,Locust,6 Locust,LocustV,No,No,Yes,No,Native_cyprinella,NV,med_river,34.023618,-86.5731746,7.14.22,July,10.6,NA,Coosa,115,10472,11,0,7.6,46.5,128.9303579,183.1140847
FA45616S,V,C. venusta,2,Cyprinella venusta,Locust,6 Locust,LocustV,No,No,Yes,No,Native_cyprinella,NV,med_river,34.023618,-86.5731746,7.14.22,July,8.2,BM,Coosa,63,43197,11,0,7.6,46.5,81.40910816,183.1140847
FA47016S,V,C. venusta,2,Cyprinella venusta,Coosa,4 Coosa,CoosaV,No,No,Yes,No,Native_cyprinella,NV,lacustrine,34.2517286,-85.3806731,7.20.22,July,7.3,NA,Coosa,43,41554,14,7.1,9.4,46.5,56.10116166,229.1103003
FA47116S,V,C. venusta,2,Cyprinella venusta,Coosa,4 Coosa,CoosaV,No,No,Yes,No,Native_cyprinella,NV,lacustrine,34.2517286,-85.3806731,7.20.22,July,8.3,GF,Coosa,40,40598,14,7.1,9.4,46.5,82.76410236,229.1103003
FA47216S,V,C. venusta,2,Cyprinella venusta,Coosa,4 Coosa,CoosaV,No,No,Yes,No,Native_cyprinella,NV,lacustrine,34.1656421,-85.3964077,7.20.22,July,5.8,NA,Coosa,39,21435,14,7.1,9.4,46.5,72.07295918,229.1103003
FA47316S,V,C. venusta,2,Cyprinella venusta,Coosa,4 Coosa,CoosaV,No,No,Yes,No,Native_cyprinella,NV,lacustrine,34.1656421,-85.3964077,7.20.22,July,6.5,NA,Coosa,248,30238,14,7.1,9.4,46.5,239.2821154,229.1103003
FA47616S,V,C. venusta,2,Cyprinella venusta,Weiss,8 Weiss,WeissV,No,No,Yes,No,Native_cyprinella,NVIL,lacustrine,34.20216,-85.6226,7.21.22,July,7.6,NA,Coosa,417,38258,69,36.9,81.6,46.5,369.688046,151.2006138
FA47716S,V,C. venusta,2,Cyprinella venusta,Weiss,8 Weiss,WeissV,No,No,Yes,No,Native_cyprinella,NVIL,lacustrine,34.20216,-85.6226,7.21.22,July,6.3,NA,Coosa,334,32262,69,36.9,81.6,46.5,305.2262524,151.2006138
FA49316S,V,C. venusta,2,Cyprinella venusta,Conasauga,3 Conasauga,ConV,No,No,Yes,No,Native_cyprinella,NVNT,med_river,35.0098005,-84.7341849,7.28.22,July,10.9,GF,Coosa,45,22835,16,13.1,26.1,46.5,82.75624836,38.90902923
FA49916S,V,C. venusta,2,Cyprinella venusta,Conasauga,3 Conasauga,ConV,No,No,Yes,No,Native_cyprinella,NVNT,med_river,35.0098005,-84.7341849,7.28.22,July,6.8,BM,Coosa,283,30116,16,13.1,26.1,46.5,287.5186763,38.90902923
FA50116S,V,C. venusta,2,Cyprinella venusta,Conasauga,3 Conasauga,ConV,No,No,Yes,No,Native_cyprinella,NVNT,med_river,35.0098005,-84.7341849,7.28.22,July,8.6,GF,Coosa,327,33520,16,13.1,26.1,46.5,295.8028409,38.90902923
FA50216S,V,C. venusta,2,Cyprinella venusta,Conasauga,3 Conasauga,ConV,No,No,Yes,No,Native_cyprinella,NVNT,med_river,35.0098005,-84.7341849,7.28.22,July,7.3,NA,Coosa,304,25728,16,13.1,26.1,46.5,299.3509299,38.90902923
