﻿sampleid,Species,Site,Site_x_species,Lutrensis,Invasive,Species_present,Site_type,Latitude,Longitude,Date,Month,TBL,Sex,Watershed,OTU_count,Reads_count,18s_OTUs_per_site,18s_PD_SitexSpecies,18s_PD_Site,18s_PD_Species,16s_PD,Water_sample_PD
FA33716S,Cyprinella lutrensis,Weiss,WeissL,Yes,Invasive_lutrensis,NVIL,lacustrine,34.20216,-85.6226,5.22.22,May,6.6,GF,Coosa,239,19841,69,67.9,81.6,129.2,315.6181459,151.2006138
FA33816S,Cyprinella lutrensis,Weiss,WeissL,Yes,Invasive_lutrensis,NVIL,lacustrine,34.20216,-85.6226,5.22.22,May,7.3,BM,Coosa,254,25084,69,67.9,81.6,129.2,278.2427091,151.2006138
FA37216S,Cyprinella lutrensis,Proctor,AtlantaL,Yes,Invasive_lutrensis,IL,small_creek,33.7808913,-84.4441272,6.3.22,June,6.6,BM,Chattahoochee,269,17637,47,54.9,54.9,129.2,274.7004793,221.0608825
FA37816S,Cyprinella lutrensis,Peachtree,AtlantaL,Yes,Invasive_lutrensis,IL,small_creek,33.8074518,-84.3562782,6.6.22,June,6.8,GF,Chattahoochee,195,9499,47,54.9,54.9,129.2,238.4740862,176.558256
FA37916S,Cyprinella lutrensis,Peachtree,AtlantaL,Yes,Invasive_lutrensis,IL,small_creek,33.8074518,-84.3562782,6.6.22,June,6.9,GF,Chattahoochee,34,26821,47,54.9,54.9,129.2,44.82835471,176.558256
FA38016S,Cyprinella lutrensis,Peachtree,AtlantaL,Yes,Invasive_lutrensis,IL,small_creek,33.8074518,-84.3562782,6.6.22,June,5.8,GF,Chattahoochee,227,14674,47,54.9,54.9,129.2,237.6004203,176.558256
FA38216S,Cyprinella lutrensis,Peachtree,AtlantaL,Yes,Invasive_lutrensis,IL,small_creek,33.8074518,-84.3562782,6.6.22,June,6.5,BM,Chattahoochee,254,17476,47,54.9,54.9,129.2,264.1313183,176.558256
FA39516S,Cyprinella lutrensis,Weiss,WeissL,Yes,Invasive_lutrensis,NVIL,lacustrine,34.20216,-85.6226,6.7.22,June,7.8,BM,Coosa,59,2193,69,67.9,81.6,129.2,107.0908099,151.2006138
FA40016S,Cyprinella lutrensis,Weiss,WeissL,Yes,Invasive_lutrensis,NVIL,lacustrine,34.20216,-85.6226,6.7.22,June,7.4,BM,Coosa,103,40932,69,67.9,81.6,129.2,194.7488371,151.2006138
FA41416S,Cyprinella lutrensis,Peachtree,AtlantaL,Yes,Invasive_lutrensis,IL,small_creek,33.8007,-84.34101,7.5.22,July,6.7,GF,Chattahoochee,33,40558,47,54.9,54.9,129.2,84.87642447,176.558256
FA41516S,Cyprinella lutrensis,Peachtree,AtlantaL,Yes,Invasive_lutrensis,IL,small_creek,33.8007,-84.34101,7.5.22,July,7.3,GF,Chattahoochee,88,7709,47,54.9,54.9,129.2,118.7820909,176.558256
FA42016S,Cyprinella lutrensis,Peachtree,AtlantaL,Yes,Invasive_lutrensis,IL,small_creek,33.8007,-84.34101,7.5.22,July,7.5,BM,Chattahoochee,318,20263,47,54.9,54.9,129.2,265.5499033,176.558256
FA42116S,Cyprinella lutrensis,Peachtree,AtlantaL,Yes,Invasive_lutrensis,IL,small_creek,33.8007,-84.34101,7.5.22,July,6.9,BM,Chattahoochee,105,31520,47,54.9,54.9,129.2,130.4440452,176.558256
FA42216S,Cyprinella lutrensis,Peachtree,AtlantaL,Yes,Invasive_lutrensis,IL,small_creek,33.8007,-84.34101,7.5.22,July,6.5,BM,Chattahoochee,208,22029,47,54.9,54.9,129.2,200.933464,176.558256
FA42616S,Cyprinella lutrensis,Turkey,TurkeyL,Yes,Native_lutrensis,NL,small_creek,39.0337601,-94.6881547,7.8.22,July,6.9,BM,Missouri,353,27707,32,50.9,51,129.2,299.4388626,149.0727611
FA42716S,Cyprinella lutrensis,Turkey,TurkeyL,Yes,Native_lutrensis,NL,small_creek,39.0337601,-94.6881547,7.8.22,July,6.8,GF,Missouri,31,15120,32,50.9,51,129.2,44.93138431,149.0727611
FA42816S,Cyprinella lutrensis,Turkey,TurkeyL,Yes,Native_lutrensis,NL,small_creek,39.0337601,-94.6881547,7.8.22,July,7.3,GF,Missouri,449,43967,32,50.9,51,129.2,383.0222152,149.0727611
FA43116S,Cyprinella lutrensis,Turkey,TurkeyL,Yes,Native_lutrensis,NL,small_creek,39.0337601,-94.6881547,7.8.22,July,6.7,BM,Missouri,221,25220,32,50.9,51,129.2,231.5019341,149.0727611
FA43216S,Cyprinella lutrensis,Turkey,TurkeyL,Yes,Native_lutrensis,NL,small_creek,39.0337601,-94.6881547,7.8.22,July,6.3,BM,Missouri,342,30713,32,50.9,51,129.2,328.7370272,149.0727611
FA43316S,Cyprinella lutrensis,Turkey,TurkeyL,Yes,Native_lutrensis,NL,small_creek,39.0337601,-94.6881547,7.8.22,July,6.7,GF,Missouri,412,35284,32,50.9,51,129.2,371.8597545,149.0727611
FA43416S,Cyprinella lutrensis,Turkey,TurkeyL,Yes,Native_lutrensis,NL,small_creek,39.0337601,-94.6881547,7.8.22,July,6.4,BM,Missouri,346,37326,32,50.9,51,129.2,300.0835454,149.0727611
FA43516S,Cyprinella lutrensis,Turkey,TurkeyL,Yes,Native_lutrensis,NL,small_creek,39.0337601,-94.6881547,7.8.22,July,7,BM,Missouri,257,24788,32,50.9,51,129.2,215.6272046,149.0727611
FA43616S,Cyprinella lutrensis,Turkey,TurkeyL,Yes,Native_lutrensis,NL,small_creek,39.0337601,-94.6881547,7.8.22,July,6.9,BM,Missouri,376,38679,32,50.9,51,129.2,360.6334663,149.0727611
FA43816S,Cyprinella lutrensis,Turkey,TurkeyL,Yes,Native_lutrensis,NL,small_creek,39.0337601,-94.6881547,7.8.22,July,7,BM,Missouri,298,19954,32,50.9,51,129.2,285.0766838,149.0727611
FA43916S,Cyprinella lutrensis,Turkey,TurkeyL,Yes,Native_lutrensis,NL,small_creek,39.0337601,-94.6881547,7.8.22,July,6.2,BM,Missouri,215,18336,32,50.9,51,129.2,201.2610864,149.0727611
FA44116S,Cyprinella lutrensis,Turkey,TurkeyL,Yes,Native_lutrensis,NL,small_creek,39.0337601,-94.6881547,7.8.22,July,6.5,BM,Missouri,278,22114,32,50.9,51,129.2,289.8612279,149.0727611
FA44216S,Cyprinella lutrensis,Turkey,TurkeyL,Yes,Native_lutrensis,NL,small_creek,39.0337601,-94.6881547,7.8.22,July,6.8,GF,Missouri,215,16276,32,50.9,51,129.2,284.8697116,149.0727611
FA45116S,Cyprinella venusta,Locust,LocustV,No,Native_cyprinella,NV,med_river,34.023618,-86.5731746,7.14.22,July,9.9,GF,Coosa,283,27900,11,0,7.6,46.5,259.0826652,183.1140847
FA45216S,Cyprinella callistia,Locust,LocustC,No,Native_cyprinella,NV,med_river,34.023618,-86.5731746,7.14.22,July,9.8,BM,Coosa,231,25889,11,7.63,7.6,34.3,219.2196397,183.1140847
FA45316S,Cyprinella callistia,Locust,LocustC,No,Native_cyprinella,NV,med_river,34.023618,-86.5731746,7.14.22,July,8.2,BM,Coosa,302,21950,11,7.63,7.6,34.3,236.6387556,183.1140847
FA45516S,Cyprinella callistia,Locust,LocustC,No,Native_cyprinella,NV,med_river,34.023618,-86.5731746,7.14.22,July,9.8,BM,Coosa,294,17963,11,7.63,7.6,34.3,237.6883709,183.1140847
FA45616S,Cyprinella venusta,Locust,LocustV,No,Native_cyprinella,NV,med_river,34.023618,-86.5731746,7.14.22,July,8.2,BM,Coosa,63,43197,11,0,7.6,46.5,81.40910816,183.1140847
FA45816S,Cyprinella callistia,Locust,LocustC,No,Native_cyprinella,NV,med_river,34.023618,-86.5731746,7.14.22,July,8.5,BM,Coosa,293,17037,11,7.63,7.6,34.3,249.1695186,183.1140847
FA45916S,Cyprinella callistia,Locust,LocustC,No,Native_cyprinella,NV,med_river,34.023618,-86.5731746,7.14.22,July,8.9,BM,Coosa,275,15301,11,7.63,7.6,34.3,247.4302421,183.1140847
FA47116S,Cyprinella venusta,Coosa,CoosaV,No,Native_cyprinella,NV,lacustrine,34.2517286,-85.3806731,7.20.22,July,8.3,GF,Coosa,40,40598,14,7.1,9.4,46.5,82.76410236,229.1103003
FA47916S,Cyprinella callistia,Terrapin,TerrapinC,No,Native_cyprinella,NT,med_river,33.9787995,-85.601604,7.26.22,July,8.4,BM,Coosa,291,36935,18,25.1,25.1,34.3,286.1243757,212.1895072
FA48116S,Cyprinella callistia,Terrapin,TerrapinC,No,Native_cyprinella,NT,med_river,33.9787995,-85.601604,7.26.22,July,7.5,BM,Coosa,372,33769,18,25.1,25.1,34.3,303.2063954,212.1895072
FA48216S,Cyprinella callistia,Terrapin,TerrapinC,No,Native_cyprinella,NT,med_river,33.9787995,-85.601604,7.26.22,July,5.7,GF,Coosa,215,27362,18,25.1,25.1,34.3,203.4322709,212.1895072
FA48516S,Cyprinella callistia,Terrapin,TerrapinC,No,Native_cyprinella,NT,med_river,33.9787995,-85.601604,7.26.22,July,7.1,GF,Coosa,270,30027,18,25.1,25.1,34.3,241.5875623,212.1895072
FA48616S,Cyprinella callistia,Terrapin,TerrapinC,No,Native_cyprinella,NT,med_river,33.9787995,-85.601604,7.26.22,July,7.8,BM,Coosa,276,28096,18,25.1,25.1,34.3,239.9289114,212.1895072
FA48716S,Cyprinella trichroistia,Terrapin,TerrapinT,No,Native_cyprinella,NT,med_river,33.9787995,-85.601604,7.26.22,July,6.1,GF,Coosa,349,40562,18,25.1,25.1,35.2,266.755953,212.1895072
FA48816S,Cyprinella trichroistia,Terrapin,TerrapinT,No,Native_cyprinella,NT,med_river,33.9787995,-85.601604,7.26.22,July,5.8,GF,Coosa,114,29035,18,25.1,25.1,35.2,161.1247802,212.1895072
FA48916S,Cyprinella trichroistia,Terrapin,TerrapinT,No,Native_cyprinella,NT,med_river,33.9787995,-85.601604,7.26.22,July,6.4,BM,Coosa,330,37618,18,25.1,25.1,35.2,285.5141872,212.1895072
FA49016S,Cyprinella trichroistia,Terrapin,TerrapinT,No,Native_cyprinella,NT,med_river,33.9787995,-85.601604,7.26.22,July,6.8,BM,Coosa,307,33519,18,25.1,25.1,35.2,256.6841541,212.1895072
FA49116S,Cyprinella trichroistia,Terrapin,TerrapinT,No,Native_cyprinella,NT,med_river,33.9787995,-85.601604,7.26.22,July,6.1,BM,Coosa,248,31005,18,25.1,25.1,35.2,211.2066288,212.1895072
FA49216S,Cyprinella trichroistia,Terrapin,TerrapinT,No,Native_cyprinella,NT,med_river,33.9787995,-85.601604,7.26.22,July,5.6,BM,Coosa,224,22716,18,25.1,25.1,35.2,235.3657114,212.1895072
FA49316S,Cyprinella venusta,Conasauga,ConV,No,Native_cyprinella,NVNT,med_river,35.0098005,-84.7341849,7.28.22,July,10.9,GF,Coosa,45,22835,16,13.1,26.1,46.5,82.75624836,38.90902923
FA49416S,Cyprinella callistia,Conasauga,ConC,No,Native_cyprinella,NVNT,med_river,35.0098005,-84.7341849,7.28.22,July,9.7,BM,Coosa,318,32791,16,21.9,26.1,34.3,265.4699357,38.90902923
FA49516S,Cyprinella trichroistia,Conasauga,ConT,No,Native_cyprinella,NVNT,med_river,35.0098005,-84.7341849,7.28.22,July,9.3,BM,Coosa,333,39410,16,21.9,26.1,35.2,276.1066936,38.90902923
FA49616S,Cyprinella trichroistia,Conasauga,ConT,No,Native_cyprinella,NVNT,med_river,35.0098005,-84.7341849,7.28.22,July,9,BM,Coosa,347,39211,16,21.9,26.1,35.2,324.1587191,38.90902923
FA49716S,Cyprinella trichroistia,Conasauga,ConT,No,Native_cyprinella,NVNT,med_river,35.0098005,-84.7341849,7.28.22,July,7.6,BM,Coosa,187,36565,16,21.9,26.1,35.2,191.6391612,38.90902923
FA49816S,Cyprinella callistia,Conasauga,ConC,No,Native_cyprinella,NVNT,med_river,35.0098005,-84.7341849,7.28.22,July,7.5,BM,Coosa,250,23600,16,21.9,26.1,34.3,242.1952042,38.90902923
FA49916S,Cyprinella venusta,Conasauga,ConV,No,Native_cyprinella,NVNT,med_river,35.0098005,-84.7341849,7.28.22,July,6.8,BM,Coosa,283,30116,16,13.1,26.1,46.5,287.5186763,38.90902923
FA50116S,Cyprinella venusta,Conasauga,ConV,No,Native_cyprinella,NVNT,med_river,35.0098005,-84.7341849,7.28.22,July,8.6,GF,Coosa,327,33520,16,13.1,26.1,46.5,295.8028409,38.90902923
