﻿sampleid,Species,Site,Site_x_species,Latitude,Longitude,Month,Watershed,ASV_count,Reads_count
FAW1016S,Water,Peachtree,AtlantaWater,33.8007,-84.34101,Water,Chattahoochee,126,24705
FAW1116S,Water,Proctor,AtlantaWater,33.7808913,-84.4441272,Water,Chattahoochee,143,34080
FAW316S,Water,Turkey,TurkeyWater,39.0337601,-94.6881547,Water,Missouri,130,28110
FAW416S,Water,Weiss,WeissWater,34.20216,-85.6226,Water,Coosa,67,23423
FAW616S,Water,Dead,DeadWater,34.12852,-85.79367,Water,Coosa,171,20573
FAW716S,Water,Terrapin,TerrapinWater,33.9787995,-85.601604,Water,Coosa,148,27234
FAW816S,Water,Conasauga,ConasaugaWater,35.0098005,-84.7341849,Water,Coosa,41,11767
FAW916S,Water,Locust,LocustWater,34.023618,-86.5731746,Water,Coosa,123,20285
