﻿sampleid,Species,Site,Water,Site_x_species,Species_present,Site_type,Latitude,Longitude,Month,TBL,Sex,Watershed,ASV_count,Reads_count,18s OTU #,18s Diversity for species x site,18s Phylogenetic Diversity,16s_reads_#,16s OTU #,16s PD,Water_sample_OTU#,Water_sample_PD,
FA32316S,Cyprinella lutrensis,Weiss,no,WeissL,NVIL,lacustrine,34.20216,-85.6226,May,7.3,NA,Coosa,213,50481,0,0,0,0,0,0,0,0,
FA32416S,Cyprinella venusta,Weiss,no,WeissV,NVIL,lacustrine,34.20216,-85.6226,May,6.9,NA,Coosa,197,26454,0,0,0,0,0,0,0,0,
FA32516S,Cyprinella lutrensis,Weiss,no,WeissL,NVIL,lacustrine,34.20216,-85.6226,May,6.9,NA,Coosa,197,52798,0,0,0,0,0,0,0,0,
FA32616S,Cyprinella lutrensis,Weiss,no,WeissL,NVIL,lacustrine,34.20216,-85.6226,May,6.6,NA,Coosa,427,40078,0,0,0,0,0,0,0,0,
FA32816S,Cyprinella lutrensis,Weiss,no,WeissL,NVIL,lacustrine,34.20216,-85.6226,May,NA,NA,Coosa,374,27936,0,0,0,0,0,0,0,0,
FA32916S,Cyprinella lutrensis,Weiss,no,WeissL,NVIL,lacustrine,34.20216,-85.6226,May,6.1,NA,Coosa,326,30213,0,0,0,0,0,0,0,0,
FA33016S,Cyprinella lutrensis,Weiss,no,WeissL,NVIL,lacustrine,34.20216,-85.6226,May,6.2,NA,Coosa,23,54779,0,0,0,0,0,0,0,0,
FA33516S,Cyprinella venusta,Weiss,no,WeissV,NVIL,lacustrine,34.20216,-85.6226,May,7.3,NA,Coosa,289,32486,0,0,0,0,0,0,0,0,
FA33716S,Cyprinella lutrensis,Weiss,no,WeissL,NVIL,lacustrine,34.20216,-85.6226,May,6.6,GF,Coosa,239,19841,0,0,0,0,0,0,0,0,
FA33816S,Cyprinella lutrensis,Weiss,no,WeissL,NVIL,lacustrine,34.20216,-85.6226,May,7.3,BM,Coosa,254,25084,0,0,0,0,0,0,0,0,
FA33916S,Cyprinella lutrensis,Weiss,no,WeissL,NVIL,lacustrine,34.20216,-85.6226,May,6.7,NA,Coosa,279,28189,0,0,0,0,0,0,0,0,
FA37216S,Cyprinella lutrensis,Proctor,no,AtlantaL,IL,small_creek,33.7808913,-84.4441272,June,6.6,BM,Chattahoochee,269,17637,0,0,0,0,0,0,0,0,
FA37816S,Cyprinella lutrensis,Peachtree,no,AtlantaL,IL,small_creek,33.8074518,-84.3562782,June,6.8,GF,Chattahoochee,195,9499,0,0,0,0,0,0,0,0,
FA37916S,Cyprinella lutrensis,Peachtree,no,AtlantaL,IL,small_creek,33.8074518,-84.3562782,June,6.9,GF,Chattahoochee,34,26821,0,0,0,0,0,0,0,0,
FA38016S,Cyprinella lutrensis,Peachtree,no,AtlantaL,IL,small_creek,33.8074518,-84.3562782,June,5.8,GF,Chattahoochee,227,14674,0,0,0,0,0,0,0,0,
FA38216S,Cyprinella lutrensis,Peachtree,no,AtlantaL,IL,small_creek,33.8074518,-84.3562782,June,6.5,BM,Chattahoochee,254,17476,0,0,0,0,0,0,0,0,
FA38816S,Cyprinella venusta,Weiss,no,WeissV,NVIL,lacustrine,34.20216,-85.6226,June,6.2,NA,Coosa,192,20027,0,0,0,0,0,0,0,0,
FA39116S,Cyprinella lutrensis x venusta,Weiss,no,WeissVL,NVIL,lacustrine,34.20216,-85.6226,June,7,NA,Coosa,227,31567,0,0,0,0,0,0,0,0,
FA39316S,Cyprinella lutrensis,Weiss,no,WeissL,NVIL,lacustrine,34.20216,-85.6226,June,7.7,NA,Coosa,34,39685,0,0,0,0,0,0,0,0,
FA39416S,Cyprinella lutrensis,Weiss,no,WeissL,NVIL,lacustrine,34.20216,-85.6226,June,6.8,NA,Coosa,52,46644,0,0,0,0,0,0,0,0,
FA39516S,Cyprinella lutrensis,Weiss,no,WeissL,NVIL,lacustrine,34.20216,-85.6226,June,7.8,BM,Coosa,59,2193,0,0,0,0,0,0,0,0,
FA39716S,Cyprinella venusta,Weiss,no,WeissV,NVIL,lacustrine,34.20216,-85.6226,June,6.5,NA,Coosa,144,146138,0,0,0,0,0,0,0,0,
FA39816S,Cyprinella lutrensis,Weiss,no,WeissL,NVIL,lacustrine,34.20216,-85.6226,June,7.2,NA,Coosa,233,25944,0,0,0,0,0,0,0,0,
FA40016S,Cyprinella lutrensis,Weiss,no,WeissL,NVIL,lacustrine,34.20216,-85.6226,June,7.4,BM,Coosa,103,40932,0,0,0,0,0,0,0,0,
FA40416S,Cyprinella venusta,Dead,no,DeadV,NVIL,lacustrine,34.12852,-85.79367,July,7.3,NA,Coosa,35,30136,0,0,0,0,0,0,0,0,
FA40516S,Cyprinella venusta,Dead,no,DeadV,NVIL,lacustrine,34.12852,-85.79367,July,8,NA,Coosa,268,23510,0,0,0,0,0,0,0,0,
FA40616S,Cyprinella lutrensis,Dead,no,DeadL,NVIL,lacustrine,34.12852,-85.79367,July,6.6,NA,Coosa,283,25660,0,0,0,0,0,0,0,0,
FA40716S,Cyprinella lutrensis x venusta,Dead,no,DeadVL,NVIL,lacustrine,34.12852,-85.79367,July,6.6,NA,Coosa,156,28457,0,0,0,0,0,0,0,0,
FA40816S,Cyprinella venusta,Dead,no,DeadV,NVIL,lacustrine,34.12852,-85.79367,July,6.8,NA,Coosa,185,13836,0,0,0,0,0,0,0,0,
FA41416S,Cyprinella lutrensis,Peachtree,no,AtlantaL,IL,small_creek,33.8007,-84.34101,July,6.7,GF,Chattahoochee,33,40558,0,0,0,0,0,0,0,0,
FA41516S,Cyprinella lutrensis,Peachtree,no,AtlantaL,IL,small_creek,33.8007,-84.34101,July,7.3,GF,Chattahoochee,88,7709,0,0,0,0,0,0,0,0,
FA42016S,Cyprinella lutrensis,Peachtree,no,AtlantaL,IL,small_creek,33.8007,-84.34101,July,7.5,BM,Chattahoochee,318,20263,0,0,0,0,0,0,0,0,
FA42116S,Cyprinella lutrensis,Peachtree,no,AtlantaL,IL,small_creek,33.8007,-84.34101,July,6.9,BM,Chattahoochee,105,31520,0,0,0,0,0,0,0,0,
FA42216S,Cyprinella lutrensis,Peachtree,no,AtlantaL,IL,small_creek,33.8007,-84.34101,July,6.5,BM,Chattahoochee,208,22029,0,0,0,0,0,0,0,0,
FA42616S,Cyprinella lutrensis,Turkey,no,TurkeyL,NL,small_creek,39.0337601,-94.6881547,July,6.9,BM,Missouri,353,27707,0,0,0,0,0,0,0,0,
FA42716S,Cyprinella lutrensis,Turkey,no,TurkeyL,NL,small_creek,39.0337601,-94.6881547,July,6.8,GF,Missouri,31,15120,0,0,0,0,0,0,0,0,
FA42816S,Cyprinella lutrensis,Turkey,no,TurkeyL,NL,small_creek,39.0337601,-94.6881547,July,7.3,GF,Missouri,449,43967,0,0,0,0,0,0,0,0,
FA43116S,Cyprinella lutrensis,Turkey,no,TurkeyL,NL,small_creek,39.0337601,-94.6881547,July,6.7,BM,Missouri,221,25220,0,0,0,0,0,0,0,0,
FA43216S,Cyprinella lutrensis,Turkey,no,TurkeyL,NL,small_creek,39.0337601,-94.6881547,July,6.3,BM,Missouri,342,30713,0,0,0,0,0,0,0,0,
FA43316S,Cyprinella lutrensis,Turkey,no,TurkeyL,NL,small_creek,39.0337601,-94.6881547,July,6.7,GF,Missouri,412,35284,0,0,0,0,0,0,0,0,
FA43416S,Cyprinella lutrensis,Turkey,no,TurkeyL,NL,small_creek,39.0337601,-94.6881547,July,6.4,BM,Missouri,346,37326,0,0,0,0,0,0,0,0,
FA43516S,Cyprinella lutrensis,Turkey,no,TurkeyL,NL,small_creek,39.0337601,-94.6881547,July,7,BM,Missouri,257,24788,0,0,0,0,0,0,0,0,
FA43616S,Cyprinella lutrensis,Turkey,no,TurkeyL,NL,small_creek,39.0337601,-94.6881547,July,6.9,BM,Missouri,376,38679,0,0,0,0,0,0,0,0,
FA43816S,Cyprinella lutrensis,Turkey,no,TurkeyL,NL,small_creek,39.0337601,-94.6881547,July,7,BM,Missouri,298,19954,0,0,0,0,0,0,0,0,
FA43916S,Cyprinella lutrensis,Turkey,no,TurkeyL,NL,small_creek,39.0337601,-94.6881547,July,6.2,BM,Missouri,215,18336,0,0,0,0,0,0,0,0,
FA44116S,Cyprinella lutrensis,Turkey,no,TurkeyL,NL,small_creek,39.0337601,-94.6881547,July,6.5,BM,Missouri,278,22114,0,0,0,0,0,0,0,0,
FA44216S,Cyprinella lutrensis,Turkey,no,TurkeyL,NL,small_creek,39.0337601,-94.6881547,July,6.8,GF,Missouri,215,16276,0,0,0,0,0,0,0,0,
FA45116S,Cyprinella venusta,Locust,no,LocustV,NV,med_river,34.023618,-86.5731746,July,9.9,GF,Coosa,283,27900,0,0,0,0,0,0,0,0,
FA45216S,Cyprinella callistia,Locust,no,LocustC,NV,med_river,34.023618,-86.5731746,July,9.8,BM,Coosa,231,25889,0,0,0,0,0,0,0,0,
FA45316S,Cyprinella callistia,Locust,no,LocustC,NV,med_river,34.023618,-86.5731746,July,8.2,BM,Coosa,302,21950,0,0,0,0,0,0,0,0,
FA45416S,Cyprinella venusta,Locust,no,LocustV,NV,med_river,34.023618,-86.5731746,July,10.6,NA,Coosa,115,10472,0,0,0,0,0,0,0,0,
FA45516S,Cyprinella callistia,Locust,no,LocustC,NV,med_river,34.023618,-86.5731746,July,9.8,BM,Coosa,294,17963,0,0,0,0,0,0,0,0,
FA45616S,Cyprinella venusta,Locust,no,LocustV,NV,med_river,34.023618,-86.5731746,July,8.2,BM,Coosa,63,43197,0,0,0,0,0,0,0,0,
FA45816S,Cyprinella callistia,Locust,no,LocustC,NV,med_river,34.023618,-86.5731746,July,8.5,BM,Coosa,293,17037,0,0,0,0,0,0,0,0,
FA45916S,Cyprinella callistia,Locust,no,LocustC,NV,med_river,34.023618,-86.5731746,July,8.9,BM,Coosa,275,15301,0,0,0,0,0,0,0,0,
FA47016S,Cyprinella venusta,Coosae,no,CoosaV,NV,lacustrine,34.2517286,-85.3806731,July,7.3,NA,Coosa,43,41554,0,0,0,0,0,0,0,0,
FA47116S,Cyprinella venusta,Coosae,no,CoosaV,NV,lacustrine,34.2517286,-85.3806731,July,8.3,GF,Coosa,40,40598,0,0,0,0,0,0,0,0,
FA47216S,Cyprinella venusta,Coosae,no,CoosaV,NV,lacustrine,34.1656421,-85.3964077,July,5.8,NA,Coosa,39,21435,0,0,0,0,0,0,0,0,
FA47316S,Cyprinella venusta,Coosae,no,CoosaV,NV,lacustrine,34.1656421,-85.3964077,July,6.5,NA,Coosa,248,30238,0,0,0,0,0,0,0,0,
FA47416S,Cyprinella lutrensis,Weiss,no,WeissL,NVIL,lacustrine,34.20216,-85.6226,July,6.3,NA,Coosa,320,29806,0,0,0,0,0,0,0,0,
FA47616S,Cyprinella venusta,Weiss,no,WeissV,NVIL,lacustrine,34.20216,-85.6226,July,7.6,NA,Coosa,417,38258,0,0,0,0,0,0,0,0,
FA47716S,Cyprinella venusta,Weiss,no,WeissV,NVIL,lacustrine,34.20216,-85.6226,July,6.3,NA,Coosa,334,32262,0,0,0,0,0,0,0,0,
FA47916S,Cyprinella callistia,Terrapin,no,TerrapinC,NT,med_river,33.9787995,-85.601604,July,8.4,BM,Coosa,291,36935,0,0,0,0,0,0,0,0,
FA48116S,Cyprinella callistia,Terrapin,no,TerrapinC,NT,med_river,33.9787995,-85.601604,July,7.5,BM,Coosa,372,33769,0,0,0,0,0,0,0,0,
FA48216S,Cyprinella callistia,Terrapin,no,TerrapinC,NT,med_river,33.9787995,-85.601604,July,5.7,GF,Coosa,215,27362,0,0,0,0,0,0,0,0,
FA48516S,Cyprinella callistia,Terrapin,no,TerrapinC,NT,med_river,33.9787995,-85.601604,July,7.1,GF,Coosa,270,30027,0,0,0,0,0,0,0,0,
FA48616S,Cyprinella callistia,Terrapin,no,TerrapinC,NT,med_river,33.9787995,-85.601604,July,7.8,BM,Coosa,276,28096,0,0,0,0,0,0,0,0,
FA48716S,Cyprinella trichroistia,Terrapin,no,TerrapinT,NT,med_river,33.9787995,-85.601604,July,6.1,GF,Coosa,349,40562,0,0,0,0,0,0,0,0,
FA48816S,Cyprinella trichroistia,Terrapin,no,TerrapinT,NT,med_river,33.9787995,-85.601604,July,5.8,GF,Coosa,114,29035,0,0,0,0,0,0,0,0,
FA48916S,Cyprinella trichroistia,Terrapin,no,TerrapinT,NT,med_river,33.9787995,-85.601604,July,6.4,BM,Coosa,330,37618,0,0,0,0,0,0,0,0,
FA49016S,Cyprinella trichroistia,Terrapin,no,TerrapinT,NT,med_river,33.9787995,-85.601604,July,6.8,BM,Coosa,307,33519,0,0,0,0,0,0,0,0,
FA49116S,Cyprinella trichroistia,Terrapin,no,TerrapinT,NT,med_river,33.9787995,-85.601604,July,6.1,BM,Coosa,248,31005,0,0,0,0,0,0,0,0,
FA49216S,Cyprinella trichroistia,Terrapin,no,TerrapinT,NT,med_river,33.9787995,-85.601604,July,5.6,BM,Coosa,224,22716,0,0,0,0,0,0,0,0,
FA49316S,Cyprinella venusta,Conasauga,no,ConV,NVNT,med_river,35.0098005,-84.7341849,July,10.9,GF,Coosa,45,22835,0,0,0,0,0,0,0,0,
FA49416S,Cyprinella callistia,Conasauga,no,ConC,NVNT,med_river,35.0098005,-84.7341849,July,9.7,BM,Coosa,318,32791,0,0,0,0,0,0,0,0,
FA49516S,Cyprinella trichroistia,Conasauga,no,ConT,NVNT,med_river,35.0098005,-84.7341849,July,9.3,BM,Coosa,333,39410,0,0,0,0,0,0,0,0,
FA49616S,Cyprinella trichroistia,Conasauga,no,ConT,NVNT,med_river,35.0098005,-84.7341849,July,9,BM,Coosa,347,39211,0,0,0,0,0,0,0,0,
FA49716S,Cyprinella trichroistia,Conasauga,no,ConT,NVNT,med_river,35.0098005,-84.7341849,July,7.6,BM,Coosa,187,36565,0,0,0,0,0,0,0,0,
FA49816S,Cyprinella callistia,Conasauga,no,ConC,NVNT,med_river,35.0098005,-84.7341849,July,7.5,BM,Coosa,250,23600,0,0,0,0,0,0,0,0,
FA49916S,Cyprinella venusta,Conasauga,no,ConV,NVNT,med_river,35.0098005,-84.7341849,July,6.8,BM,Coosa,283,30116,0,0,0,0,0,0,0,0,
FA50016S,Cyprinella callistia,Conasauga,no,ConC,NVNT,med_river,35.0098005,-84.7341849,July,7,NA,Coosa,282,28196,0,0,0,0,0,0,0,0,
FA50116S,Cyprinella venusta,Conasauga,no,ConV,NVNT,med_river,35.0098005,-84.7341849,July,8.6,GF,Coosa,327,33520,0,0,0,0,0,0,0,0,
FA50216S,Cyprinella venusta,Conasauga,no,ConV,NVNT,med_river,35.0098005,-84.7341849,July,7.3,NA,Coosa,304,25728,0,0,0,0,0,0,0,0,
FAW1016S,Water,Peachtree,yes,AtlantaWater,Water,Water,Water,Water,Water,Water,Water,Water,126,24705,0,0,0,0,0,0,0,0,
FAW1116S,Water,Proctor,yes,AtlantaWater,Water,Water,Water,Water,Water,Water,Water,Water,143,34080,0,0,0,0,0,0,0,0,
FAW316S,Water,Turkey,yes,TurkeyWater,Water,Water,Water,Water,Water,Water,Water,Water,130,28110,0,0,0,0,0,0,0,0,
FAW416S,Water,Weiss,yes,WeissWater,Water,Water,Water,Water,Water,Water,Water,Water,67,23423,0,0,0,0,0,0,0,0,
FAW516S,Water,Dead,yes,DeadWater,Water,Water,Water,Water,Water,Water,Water,Water,133,21004,0,0,0,0,0,0,0,0,
FAW616S,Water,Dead,yes,DeadWater,Water,Water,Water,Water,Water,Water,Water,Water,171,20573,0,0,0,0,0,0,0,0,
FAW716S,Water,Terrapin,yes,TerrapinWater,Water,Water,Water,Water,Water,Water,Water,Water,148,27234,0,0,0,0,0,0,0,0,
FAW816S,Water,Conasauga,yes,ConasaugaWater,Water,Water,Water,Water,Water,Water,Water,Water,41,11767,0,0,0,0,0,0,0,0,
FAW916S,Water,Locust,yes,LocustWater,Water,Water,Water,Water,Water,Water,Water,Water,123,20285,0,0,0,0,0,0,0,0,
