﻿sampleid,Species,Site,Site_x_species,Lutrensis,Invasive,Species_present,Site_type,Latitude,Longitude,Month,Sampling_session,TBL,Sex,Watershed,OTU_count,Reads_count,18s_OTUs_per_site,18s_PD_SitexSpecies,18s_PD_Site,18s_PD_Species,16s_PD,Water_sample_PD
FA32316S,Cyprinella lutrensis,Weiss,WeissL,Yes,Invasive_lutrensis,NVIL,lacustrine,34.20216,-85.6226,May,1p,7.3,NA,Coosa,213,50481,69,67.9,81.6,129.2,244.9245544,151.2006138
FA32416S,Cyprinella venusta,Weiss,WeissV,No,Native_cyprinella,NVIL,lacustrine,34.20216,-85.6226,May,1p,6.9,NA,Coosa,197,26454,69,36.9,81.6,46.5,216.3437204,151.2006138
FA32516S,Cyprinella lutrensis,Weiss,WeissL,Yes,Invasive_lutrensis,NVIL,lacustrine,34.20216,-85.6226,May,1p,6.9,NA,Coosa,197,52798,69,67.9,81.6,129.2,224.2922857,151.2006138
FA32616S,Cyprinella lutrensis,Weiss,WeissL,Yes,Invasive_lutrensis,NVIL,lacustrine,34.20216,-85.6226,May,1p,6.6,NA,Coosa,427,40078,69,67.9,81.6,129.2,405.7813878,151.2006138
FA32816S,Cyprinella lutrensis,Weiss,WeissL,Yes,Invasive_lutrensis,NVIL,lacustrine,34.20216,-85.6226,May,1p,6.4,NA,Coosa,374,27936,69,67.9,81.6,129.2,357.4548734,151.2006138
FA32916S,Cyprinella lutrensis,Weiss,WeissL,Yes,Invasive_lutrensis,NVIL,lacustrine,34.20216,-85.6226,May,1p,6.1,NA,Coosa,326,30213,69,67.9,81.6,129.2,314.302088,151.2006138
FA33016S,Cyprinella lutrensis,Weiss,WeissL,Yes,Invasive_lutrensis,NVIL,lacustrine,34.20216,-85.6226,May,1p,6.2,NA,Coosa,23,54779,69,67.9,81.6,129.2,74.20997685,151.2006138
FA33516S,Cyprinella venusta,Weiss,WeissV,No,Native_cyprinella,NVIL,lacustrine,34.20216,-85.6226,May,2d,7.3,NA,Coosa,289,32486,69,36.9,81.6,46.5,341.8532562,151.2006138
FA33716S,Cyprinella lutrensis,Weiss,WeissL,Yes,Invasive_lutrensis,NVIL,lacustrine,34.20216,-85.6226,May,2d,6.6,GF,Coosa,239,19841,69,67.9,81.6,129.2,315.6181459,151.2006138
FA33816S,Cyprinella lutrensis,Weiss,WeissL,Yes,Invasive_lutrensis,NVIL,lacustrine,34.20216,-85.6226,May,2d,7.3,BM,Coosa,254,25084,69,67.9,81.6,129.2,278.2427091,151.2006138
FA33916S,Cyprinella lutrensis,Weiss,WeissL,Yes,Invasive_lutrensis,NVIL,lacustrine,34.20216,-85.6226,May,2d,6.7,NA,Coosa,279,28189,69,67.9,81.6,129.2,290.1843017,151.2006138
FA38816S,Cyprinella venusta,Weiss,WeissV,No,Native_cyprinella,NVIL,lacustrine,34.20216,-85.6226,June,3f,6.2,NA,Coosa,192,20027,69,36.9,81.6,46.5,202.276399,151.2006138
FA39116S,Cyprinella lutrensis x venusta,Weiss,WeissVL,No,Invasive_lutrensis,NVIL,lacustrine,34.20216,-85.6226,June,3f,7,NA,Coosa,227,31567,69,36.9,81.6,0,217.8938102,151.2006138
FA39316S,Cyprinella lutrensis,Weiss,WeissL,Yes,Invasive_lutrensis,NVIL,lacustrine,34.20216,-85.6226,June,3f,7.7,NA,Coosa,34,39685,69,67.9,81.6,129.2,101.0062459,151.2006138
FA39416S,Cyprinella lutrensis,Weiss,WeissL,Yes,Invasive_lutrensis,NVIL,lacustrine,34.20216,-85.6226,June,3f,6.8,NA,Coosa,52,46644,69,67.9,81.6,129.2,120.8391094,151.2006138
FA39516S,Cyprinella lutrensis,Weiss,WeissL,Yes,Invasive_lutrensis,NVIL,lacustrine,34.20216,-85.6226,June,3f,7.8,BM,Coosa,59,2193,69,67.9,81.6,129.2,107.0908099,151.2006138
FA39716S,Cyprinella venusta,Weiss,WeissV,No,Native_cyprinella,NVIL,lacustrine,34.20216,-85.6226,June,3f,6.5,NA,Coosa,144,146138,69,36.9,81.6,46.5,133.9064934,151.2006138
FA39816S,Cyprinella lutrensis,Weiss,WeissL,Yes,Invasive_lutrensis,NVIL,lacustrine,34.20216,-85.6226,June,3f,7.2,NA,Coosa,233,25944,69,67.9,81.6,129.2,213.2036268,151.2006138
FA40016S,Cyprinella lutrensis,Weiss,WeissL,Yes,Invasive_lutrensis,NVIL,lacustrine,34.20216,-85.6226,June,3f,7.4,BM,Coosa,103,40932,69,67.9,81.6,129.2,194.7488371,151.2006138
FA47416S,Cyprinella lutrensis,Weiss,WeissL,No,Invasive_lutrensis,NVIL,lacustrine,34.20216,-85.6226,July,4h,6.3,NA,Coosa,320,29806,69,67.9,81.6,129.2,288.5498345,151.2006138
FA47616S,Cyprinella venusta,Weiss,WeissV,No,Native_cyprinella,NVIL,lacustrine,34.20216,-85.6226,July,4h,7.6,NA,Coosa,417,38258,69,36.9,81.6,46.5,369.688046,151.2006138
FA47716S,Cyprinella venusta,Weiss,WeissV,No,Native_cyprinella,NVIL,lacustrine,34.20216,-85.6226,July,4h,6.3,NA,Coosa,334,32262,69,36.9,81.6,46.5,305.2262524,151.2006138
