﻿sampleid,Species,Site,Site_number,Site_x_species,Lutrensis,Species_present,Site_type,Latitude,Longitude,Month,TBL,Sex,Watershed,OTU_count,Reads_count,18s_OTUs_per_site,18s_PD_SitexSpecies,18s_PD_Site,18s_PD_Species,16s_PD,Water_sample_PD
FA32316S,Cyprinella lutrensis,Weiss,4 Weiss,WeissL,Invasive,NVIL,lacustrine,34.20216,-85.6226,May,7.3,NA,Coosa,213,50481,69,67.9,81.6,129.2,244.9245544,151.2006138
FA32516S,Cyprinella lutrensis,Weiss,4 Weiss,WeissL,Invasive,NVIL,lacustrine,34.20216,-85.6226,May,6.9,NA,Coosa,197,52798,69,67.9,81.6,129.2,224.2922857,151.2006138
FA32616S,Cyprinella lutrensis,Weiss,4 Weiss,WeissL,Invasive,NVIL,lacustrine,34.20216,-85.6226,May,6.6,NA,Coosa,427,40078,69,67.9,81.6,129.2,405.7813878,151.2006138
FA32816S,Cyprinella lutrensis,Weiss,4 Weiss,WeissL,Invasive,NVIL,lacustrine,34.20216,-85.6226,May,6.4,NA,Coosa,374,27936,69,67.9,81.6,129.2,357.4548734,151.2006138
FA32916S,Cyprinella lutrensis,Weiss,4 Weiss,WeissL,Invasive,NVIL,lacustrine,34.20216,-85.6226,May,6.1,NA,Coosa,326,30213,69,67.9,81.6,129.2,314.302088,151.2006138
FA33016S,Cyprinella lutrensis,Weiss,4 Weiss,WeissL,Invasive,NVIL,lacustrine,34.20216,-85.6226,May,6.2,NA,Coosa,23,54779,69,67.9,81.6,129.2,74.20997685,151.2006138
FA33716S,Cyprinella lutrensis,Weiss,4 Weiss,WeissL,Invasive,NVIL,lacustrine,34.20216,-85.6226,May,6.6,GF,Coosa,239,19841,69,67.9,81.6,129.2,315.6181459,151.2006138
FA33816S,Cyprinella lutrensis,Weiss,4 Weiss,WeissL,Invasive,NVIL,lacustrine,34.20216,-85.6226,May,7.3,BM,Coosa,254,25084,69,67.9,81.6,129.2,278.2427091,151.2006138
FA33916S,Cyprinella lutrensis,Weiss,4 Weiss,WeissL,Invasive,NVIL,lacustrine,34.20216,-85.6226,May,6.7,NA,Coosa,279,28189,69,67.9,81.6,129.2,290.1843017,151.2006138
FA37216S,Cyprinella lutrensis,Proctor,2 Proctor,AtlantaL,Invasive,IL,small_creek,33.7808913,-84.4441272,June,6.6,BM,Chattahoochee,269,17637,47,54.9,54.9,129.2,274.7004793,221.0608825
FA37816S,Cyprinella lutrensis,Peachtree,1 Peachtree,AtlantaL,Invasive,IL,small_creek,33.8074518,-84.3562782,June,6.8,GF,Chattahoochee,195,9499,47,54.9,54.9,129.2,238.4740862,176.558256
FA37916S,Cyprinella lutrensis,Peachtree,1 Peachtree,AtlantaL,Invasive,IL,small_creek,33.8074518,-84.3562782,June,6.9,GF,Chattahoochee,34,26821,47,54.9,54.9,129.2,44.82835471,176.558256
FA38016S,Cyprinella lutrensis,Peachtree,1 Peachtree,AtlantaL,Invasive,IL,small_creek,33.8074518,-84.3562782,June,5.8,GF,Chattahoochee,227,14674,47,54.9,54.9,129.2,237.6004203,176.558256
FA38216S,Cyprinella lutrensis,Peachtree,1 Peachtree,AtlantaL,Invasive,IL,small_creek,33.8074518,-84.3562782,June,6.5,BM,Chattahoochee,254,17476,47,54.9,54.9,129.2,264.1313183,176.558256
FA39316S,Cyprinella lutrensis,Weiss,4 Weiss,WeissL,Invasive,NVIL,lacustrine,34.20216,-85.6226,June,7.7,NA,Coosa,34,39685,69,67.9,81.6,129.2,101.0062459,151.2006138
FA39416S,Cyprinella lutrensis,Weiss,4 Weiss,WeissL,Invasive,NVIL,lacustrine,34.20216,-85.6226,June,6.8,NA,Coosa,52,46644,69,67.9,81.6,129.2,120.8391094,151.2006138
FA39516S,Cyprinella lutrensis,Weiss,4 Weiss,WeissL,Invasive,NVIL,lacustrine,34.20216,-85.6226,June,7.8,BM,Coosa,59,2193,69,67.9,81.6,129.2,107.0908099,151.2006138
FA39816S,Cyprinella lutrensis,Weiss,4 Weiss,WeissL,Invasive,NVIL,lacustrine,34.20216,-85.6226,June,7.2,NA,Coosa,233,25944,69,67.9,81.6,129.2,213.2036268,151.2006138
FA40016S,Cyprinella lutrensis,Weiss,4 Weiss,WeissL,Invasive,NVIL,lacustrine,34.20216,-85.6226,June,7.4,BM,Coosa,103,40932,69,67.9,81.6,129.2,194.7488371,151.2006138
FA40616S,Cyprinella lutrensis,Dead,3 Dead,DeadL,Invasive,NVIL,lacustrine,34.12852,-85.79367,July,6.6,NA,Coosa,283,25660,14,7.1,9.4,129.2,321.9471018,229.1103003
FA41416S,Cyprinella lutrensis,Peachtree,1 Peachtree,AtlantaL,Invasive,IL,small_creek,33.8007,-84.34101,July,6.7,GF,Chattahoochee,33,40558,47,54.9,54.9,129.2,84.87642447,176.558256
FA41516S,Cyprinella lutrensis,Peachtree,1 Peachtree,AtlantaL,Invasive,IL,small_creek,33.8007,-84.34101,July,7.3,GF,Chattahoochee,88,7709,47,54.9,54.9,129.2,118.7820909,176.558256
FA42016S,Cyprinella lutrensis,Peachtree,1 Peachtree,AtlantaL,Invasive,IL,small_creek,33.8007,-84.34101,July,7.5,BM,Chattahoochee,318,20263,47,54.9,54.9,129.2,265.5499033,176.558256
FA42116S,Cyprinella lutrensis,Peachtree,1 Peachtree,AtlantaL,Invasive,IL,small_creek,33.8007,-84.34101,July,6.9,BM,Chattahoochee,105,31520,47,54.9,54.9,129.2,130.4440452,176.558256
FA42216S,Cyprinella lutrensis,Peachtree,1 Peachtree,AtlantaL,Invasive,IL,small_creek,33.8007,-84.34101,July,6.5,BM,Chattahoochee,208,22029,47,54.9,54.9,129.2,200.933464,176.558256
FA42616S,Cyprinella lutrensis,Turkey,5 Turkey,TurkeyL,Native,NL,small_creek,39.0337601,-94.6881547,July,6.9,BM,Missouri,353,27707,32,50.9,51,129.2,299.4388626,149.0727611
FA42716S,Cyprinella lutrensis,Turkey,5 Turkey,TurkeyL,Native,NL,small_creek,39.0337601,-94.6881547,July,6.8,GF,Missouri,31,15120,32,50.9,51,129.2,44.93138431,149.0727611
FA42816S,Cyprinella lutrensis,Turkey,5 Turkey,TurkeyL,Native,NL,small_creek,39.0337601,-94.6881547,July,7.3,GF,Missouri,449,43967,32,50.9,51,129.2,383.0222152,149.0727611
FA43116S,Cyprinella lutrensis,Turkey,5 Turkey,TurkeyL,Native,NL,small_creek,39.0337601,-94.6881547,July,6.7,BM,Missouri,221,25220,32,50.9,51,129.2,231.5019341,149.0727611
FA43216S,Cyprinella lutrensis,Turkey,5 Turkey,TurkeyL,Native,NL,small_creek,39.0337601,-94.6881547,July,6.3,BM,Missouri,342,30713,32,50.9,51,129.2,328.7370272,149.0727611
FA43316S,Cyprinella lutrensis,Turkey,5 Turkey,TurkeyL,Native,NL,small_creek,39.0337601,-94.6881547,July,6.7,GF,Missouri,412,35284,32,50.9,51,129.2,371.8597545,149.0727611
FA43416S,Cyprinella lutrensis,Turkey,5 Turkey,TurkeyL,Native,NL,small_creek,39.0337601,-94.6881547,July,6.4,BM,Missouri,346,37326,32,50.9,51,129.2,300.0835454,149.0727611
FA43516S,Cyprinella lutrensis,Turkey,5 Turkey,TurkeyL,Native,NL,small_creek,39.0337601,-94.6881547,July,7,BM,Missouri,257,24788,32,50.9,51,129.2,215.6272046,149.0727611
FA43616S,Cyprinella lutrensis,Turkey,5 Turkey,TurkeyL,Native,NL,small_creek,39.0337601,-94.6881547,July,6.9,BM,Missouri,376,38679,32,50.9,51,129.2,360.6334663,149.0727611
FA43816S,Cyprinella lutrensis,Turkey,5 Turkey,TurkeyL,Native,NL,small_creek,39.0337601,-94.6881547,July,7,BM,Missouri,298,19954,32,50.9,51,129.2,285.0766838,149.0727611
FA43916S,Cyprinella lutrensis,Turkey,5 Turkey,TurkeyL,Native,NL,small_creek,39.0337601,-94.6881547,July,6.2,BM,Missouri,215,18336,32,50.9,51,129.2,201.2610864,149.0727611
FA44116S,Cyprinella lutrensis,Turkey,5 Turkey,TurkeyL,Native,NL,small_creek,39.0337601,-94.6881547,July,6.5,BM,Missouri,278,22114,32,50.9,51,129.2,289.8612279,149.0727611
FA44216S,Cyprinella lutrensis,Turkey,5 Turkey,TurkeyL,Native,NL,small_creek,39.0337601,-94.6881547,July,6.8,GF,Missouri,215,16276,32,50.9,51,129.2,284.8697116,149.0727611
