﻿SampleID,Frequency,pFrequency,,,,,,,,,,,,,,,,,,
323,138,0.18%,Eukaryota, Viridiplantae, Chlorophyta, core chlorophytes, Chlorophyceae, CS clade, Sphaeropleales,,,,,,,,,,,
323,84,0.11%,Eukaryota, Metazoa, Spiralia, Gnathifera, Rotifera, Eurotatoria, Monogononta, Pseudotrocha, Ploima,,,,,,,,,
323,43,0.06%,Eukaryota, Viridiplantae, Chlorophyta, core chlorophytes, Chlorophyceae, CS clade, Sphaeropleales, Scenedesmaceae,,,,,,,,,,
323,13,0.02%,Eukaryota, Metazoa, Ecdysozoa, Arthropoda, Hexapoda, Insecta, Pterygota, Neoptera, Endopterygota, Diptera, Nematocera, Chironomoidea, Chironomidae,,,,,
323,8,0.01%,Eukaryota, Viridiplantae, Chlorophyta, core chlorophytes, Trebouxiophyceae, Trebouxiales,,,,,,,,,,,,
323,5,0.01%,Eukaryota, Viridiplantae, Chlorophyta, core chlorophytes, Trebouxiophyceae, Chlorellales, Chlorellaceae,,,,,,,,,,,
323,10,0.01%,Eukaryota, Viridiplantae, Chlorophyta, core chlorophytes, Chlorophyceae, CS clade, Sphaeropleales, Selenastraceae, Ankistrodesmus,,,,,,,,,
323,5,0.01%,Eukaryota, Sar, Stramenopiles, Ochrophyta, Eustigmatophyceae, Goniochloridales,,,,,,,,,,,,
323,4,0.01%,Eukaryota, Sar, Stramenopiles, Ochrophyta, Eustigmatophyceae, Eustigmatales,,,,,,,,,,,,
323,11,0.01%,Eukaryota, Metazoa, Spiralia, Lophotrochozoa, Platyhelminthes, Cestoda, Eucestoda, Tetraphyllidea,,,,,,,,,,
323,4,0.01%,Eukaryota, Metazoa, Spiralia, Gnathifera, Rotifera, Eurotatoria, Bdelloidea, Adinetida,,,,,,,,,,
323,1,0.00%,Eukaryota, Viridiplantae, Chlorophyta, core chlorophytes, Trebouxiophyceae, Chlorellales, Chlorellaceae, Chlorella clade, Chlorella,,,,,,,,,
323,1,0.00%,Eukaryota, Viridiplantae, Chlorophyta, core chlorophytes, Trebouxiophyceae, Chlorellales,,,,,,,,,,,,
323,2,0.00%,Eukaryota, Viridiplantae, Chlorophyta, core chlorophytes, Chlorophyceae, CS clade, Sphaeropleales, Scenedesmaceae, Tetradesmus,,,,,,,,,
323,1,0.00%,Eukaryota, Viridiplantae, Chlorophyta, core chlorophytes, Chlorophyceae, CS clade, Sphaeropleales, Scenedesmaceae, Pectinodesmus,,,,,,,,,
323,3,0.00%,Eukaryota, Viridiplantae, Chlorophyta, core chlorophytes, Chlorophyceae, CS clade, Chlamydomonadales, Chlamydomonadaceae, Carteria,,,,,,,,,
323,3,0.00%,Eukaryota, Viridiplantae, Chlorophyta, core chlorophytes, Chlorophyceae, CS clade, Chlamydomonadales,,,,,,,,,,,
323,1,0.00%,Eukaryota, Sar, Stramenopiles, Oomycota, Albuginales,,,,,,,,,,,,,
323,3,0.00%,Eukaryota, Sar, Stramenopiles, Oomycota,,,,,,,,,,,,,,
323,1,0.00%,Eukaryota, Sar, Stramenopiles, Ochrophyta, Eustigmatophyceae, Goniochloridales, Goniochloridaceae,,,,,,,,,,,
323,2,0.00%,Eukaryota, Sar, Stramenopiles, Ochrophyta, Bacillariophyta, Coscinodiscophyceae, Thalassiosirophycidae, Stephanodiscales,,,,,,,,,,
323,1,0.00%,Eukaryota, Sar, Stramenopiles, Ochrophyta, Bacillariophyta, Coscinodiscophyceae, Coscinodiscophycidae, Melosirales,,,,,,,,,,
323,1,0.00%,Eukaryota, Sar, Alveolata, Dinophyceae, Prorocentrales,,,,,,,,,,,,,
323,2,0.00%,Eukaryota, Sar, Alveolata, Dinophyceae, Peridiniales,,,,,,,,,,,,,
323,1,0.00%,Eukaryota, Sar, Alveolata, Dinophyceae, Gymnodiniales,,,,,,,,,,,,,
323,3,0.00%,Eukaryota, Sar, Alveolata, Dinophyceae, Gonyaulacales,,,,,,,,,,,,,
323,1,0.00%,Eukaryota, Sar, Alveolata, Colpodellida,,,,,,,,,,,,,,
323,1,0.00%,Eukaryota, Metazoa, Spiralia, Gnathifera, Rotifera, Eurotatoria, Monogononta,,,,,,,,,,,
323,2,0.00%,Eukaryota, Fungi, Fungi incertae sedis, Zoopagomycota, Kickxellomycotina, Harpellomycetes, Harpellales,,,,,,,,,,,
323,1,0.00%,Eukaryota, Fungi, Dikarya, Ascomycota, Pezizomycotina, Eurotiomycetes, Eurotiomycetidae, Eurotiales, Aspergillaceae,,,,,,,,,
323,1,0.00%,Eukaryota, Fungi, Dikarya, Ascomycota, Pezizomycotina, Eurotiomycetes, Chaetothyriomycetidae, Chaetothyriales,,,,,,,,,,
323,2,0.00%,Eukaryota, Fungi, Dikarya, Ascomycota, Pezizomycotina, Dothideomycetes, Pleosporomycetidae, Pleosporales, Massarineae,,,,,,,,,
323,1,0.00%,Eukaryota, Fungi, Dikarya, Ascomycota, Pezizomycotina,,,,,,,,,,,,,
324,2,0.00%,Eukaryota, Metazoa, Cnidaria, Myxozoa, Myxosporea, Bivalvulida, Platysporina, Myxobolidae, Dicauda,,,,,,,,,
324,1,0.00%,Eukaryota, Fungi, Fungi incertae sedis, Zoopagomycota, Kickxellomycotina, Harpellomycetes, Harpellales,,,,,,,,,,,
325,63,0.12%,Eukaryota, Viridiplantae, Chlorophyta, core chlorophytes, Chlorophyceae, CS clade, Sphaeropleales,,,,,,,,,,,
325,55,0.10%,Eukaryota, Metazoa, Ecdysozoa, Nematoda, Enoplea, Dorylaimia, Mermithida, Mermithoidea,,,,,,,,,,
325,46,0.09%,Eukaryota, Metazoa, Ecdysozoa, Arthropoda, Hexapoda, Insecta, Pterygota, Neoptera, Endopterygota, Diptera, Nematocera, Chironomoidea,,,,,,
325,19,0.04%,Eukaryota, Viridiplantae, Chlorophyta, core chlorophytes, Chlorophyceae, CS clade, Sphaeropleales, Scenedesmaceae,,,,,,,,,,
325,21,0.04%,Eukaryota, Metazoa, Spiralia, Gnathifera, Rotifera, Eurotatoria, Monogononta, Pseudotrocha, Ploima,,,,,,,,,
325,20,0.04%,Eukaryota, Metazoa, Ecdysozoa, Arthropoda, Hexapoda, Insecta, Pterygota, Neoptera, Endopterygota, Diptera, Nematocera, Chironomoidea, Chironomidae,,,,,
325,6,0.01%,Eukaryota, Viridiplantae, Chlorophyta, core chlorophytes, Trebouxiophyceae, Trebouxiales,,,,,,,,,,,,
325,3,0.01%,Eukaryota, Viridiplantae, Chlorophyta, core chlorophytes, Trebouxiophyceae, Chlorellales, Chlorellaceae,,,,,,,,,,,
325,4,0.01%,Eukaryota, Sar, Stramenopiles, Ochrophyta, Eustigmatophyceae, Eustigmatales,,,,,,,,,,,,
325,1,0.00%,Eukaryota, Viridiplantae, Chlorophyta, core chlorophytes, Trebouxiophyceae, Prasiolales,,,,,,,,,,,,
325,2,0.00%,Eukaryota, Viridiplantae, Chlorophyta, core chlorophytes, Trebouxiophyceae, Chlorellales, Chlorellaceae, Chlorella clade, Chlorella,,,,,,,,,
325,2,0.00%,Eukaryota, Viridiplantae, Chlorophyta, core chlorophytes, Chlorophyceae, CS clade, Sphaeropleales, Selenastraceae, Ankistrodesmus,,,,,,,,,
325,2,0.00%,Eukaryota, Viridiplantae, Chlorophyta, core chlorophytes, Chlorophyceae, CS clade, Sphaeropleales, Neochloridaceae, Chlorotetraedron,,,,,,,,,
325,1,0.00%,Eukaryota, Sar, Stramenopiles, Ochrophyta, Eustigmatophyceae, Goniochloridales,,,,,,,,,,,,
325,1,0.00%,Eukaryota, Sar, Stramenopiles, Ochrophyta, Bacillariophyta, Mediophyceae, Biddulphiophycidae, Biddulphiales,,,,,,,,,,
325,1,0.00%,Eukaryota, Sar, Stramenopiles, Ochrophyta, Bacillariophyta, Coscinodiscophyceae, Thalassiosirophycidae, Thalassiosirales,,,,,,,,,,
325,1,0.00%,Eukaryota, Sar, Stramenopiles, Ochrophyta, Bacillariophyta, Coscinodiscophyceae, Thalassiosirophycidae, Stephanodiscales,,,,,,,,,,
325,1,0.00%,Eukaryota, Sar, Stramenopiles, Ochrophyta, Bacillariophyta, Coscinodiscophyceae, Coscinodiscophycidae, Melosirales,,,,,,,,,,
325,1,0.00%,Eukaryota, Sar, Rhizaria, Cercozoa, Thecofilosea,,,,,,,,,,,,,
325,1,0.00%,Eukaryota, Sar, Rhizaria, Cercozoa, Cercomonadida,,,,,,,,,,,,,
325,1,0.00%,Eukaryota, Sar, Alveolata, Dinophyceae, Prorocentrales,,,,,,,,,,,,,
325,1,0.00%,Eukaryota, Sar, Alveolata, Dinophyceae,,,,,,,,,,,,,,
325,1,0.00%,Eukaryota, Metazoa, Spiralia, Gnathifera, Rotifera, Eurotatoria, Bdelloidea, Adinetida,,,,,,,,,,
325,1,0.00%,Eukaryota, Fungi, Dikarya, Basidiomycota, Ustilaginomycotina, Ustilaginomycetes, Ustilaginales,,,,,,,,,,,
326,61,0.13%,Eukaryota, Viridiplantae, Chlorophyta, core chlorophytes, Chlorophyceae, CS clade, Sphaeropleales,,,,,,,,,,,
326,44,0.09%,Eukaryota, Metazoa, Spiralia, Gnathifera, Rotifera, Eurotatoria, Monogononta, Pseudotrocha, Ploima,,,,,,,,,
326,40,0.08%,Eukaryota, Metazoa, Ecdysozoa, Arthropoda, Crustacea, Oligostraca, Ostracoda, Podocopa, Podocopida, Cypridocopina, Cypridoidea,,,,,,,
326,22,0.05%,Eukaryota, Viridiplantae, Chlorophyta, core chlorophytes, Chlorophyceae, CS clade, Sphaeropleales, Scenedesmaceae,,,,,,,,,,
326,8,0.02%,Eukaryota, Viridiplantae, Chlorophyta, core chlorophytes, Chlorophyceae, CS clade, Chlamydomonadales,,,,,,,,,,,
326,8,0.02%,Eukaryota, Metazoa, Ecdysozoa, Arthropoda, Hexapoda, Insecta, Pterygota, Neoptera, Endopterygota, Coleoptera, Polyphaga, Staphyliniformia, Hydraenidae,,,,,
326,4,0.01%,Eukaryota, Viridiplantae, Chlorophyta, core chlorophytes, Trebouxiophyceae, Trebouxiales,,,,,,,,,,,,
326,4,0.01%,Eukaryota, Viridiplantae, Chlorophyta, core chlorophytes, Trebouxiophyceae, Chlorellales, Chlorellaceae, Chlorella clade, Chlorella,,,,,,,,,
326,3,0.01%,Eukaryota, Viridiplantae, Chlorophyta, core chlorophytes, Chlorophyceae, CS clade, Chlamydomonadales, Chlamydomonadaceae, Carteria,,,,,,,,,
326,4,0.01%,Eukaryota, Metazoa, Ecdysozoa, Arthropoda, Hexapoda, Insecta, Pterygota, Neoptera, Endopterygota, Diptera, Nematocera, Chironomoidea, Chironomidae,,,,,
326,6,0.01%,Eukaryota, Metazoa, Ecdysozoa, Arthropoda, Crustacea, Branchiopoda, Diplostraca, Cladocera, Anomopoda,,,,,,,,,
326,2,0.00%,Eukaryota, Viridiplantae, Chlorophyta, core chlorophytes, Trebouxiophyceae, Chlorellales, Chlorellaceae,,,,,,,,,,,
326,2,0.00%,Eukaryota, Viridiplantae, Chlorophyta, core chlorophytes, Chlorophyceae, CS clade, Sphaeropleales, Selenastraceae, Ankistrodesmus,,,,,,,,,
326,1,0.00%,Eukaryota, Viridiplantae, Chlorophyta, core chlorophytes, Chlorophyceae, CS clade, Sphaeropleales, Neochloridaceae, Chlorotetraedron,,,,,,,,,
326,2,0.00%,Eukaryota, Sar, Stramenopiles, Ochrophyta, Eustigmatophyceae, Eustigmatales,,,,,,,,,,,,
326,1,0.00%,Eukaryota, Sar, Stramenopiles, Ochrophyta, Eustigmatophyceae,,,,,,,,,,,,,
326,1,0.00%,Eukaryota, Sar, Stramenopiles, Ochrophyta, Bacillariophyta, Coscinodiscophyceae, Thalassiosirophycidae, Stephanodiscales,,,,,,,,,,
326,1,0.00%,Eukaryota, Sar, Stramenopiles, Ochrophyta, Bacillariophyta, Coscinodiscophyceae, Coscinodiscophycidae, Melosirales,,,,,,,,,,
326,2,0.00%,Eukaryota, Sar, Stramenopiles, Ochrophyta, Bacillariophyta, Bacillariophyceae, Bacillariophycidae, Naviculales,,,,,,,,,,
326,1,0.00%,Eukaryota, Sar, Alveolata, Dinophyceae, Gymnodiniales,,,,,,,,,,,,,
326,1,0.00%,Eukaryota, Sar, Alveolata, Dinophyceae, Gonyaulacales,,,,,,,,,,,,,
326,1,0.00%,Eukaryota, Sar, Alveolata, Dinophyceae,,,,,,,,,,,,,,
326,2,0.00%,Eukaryota, Fungi, Fungi incertae sedis, Zoopagomycota, Kickxellomycotina, Harpellomycetes, Harpellales,,,,,,,,,,,
326,1,0.00%,Eukaryota, Fungi, Dikarya, Ascomycota, Taphrinomycotina, Taphrinomycetes, Taphrinales,,,,,,,,,,,
326,1,0.00%,Eukaryota, Fungi, Dikarya, Ascomycota, Pezizomycotina, Eurotiomycetes, Chaetothyriomycetidae, Chaetothyriales, Herpotrichiellaceae, Capronia,,,,,,,,
326,1,0.00%,Eukaryota, Fungi, Dikarya, Ascomycota, Pezizomycotina, Dothideomycetes, Pleosporomycetidae, Pleosporales, Massarineae,,,,,,,,,
328,3,0.01%,Eukaryota, Viridiplantae, Chlorophyta, core chlorophytes, Chlorophyceae, CS clade, Sphaeropleales,,,,,,,,,,,
328,1,0.00%,Eukaryota, Metazoa, Spiralia, Gnathifera, Rotifera, Eurotatoria, Monogononta, Pseudotrocha, Ploima,,,,,,,,,
328,1,0.00%,Eukaryota, Fungi, Fungi incertae sedis, Zoopagomycota, Kickxellomycotina, Harpellomycetes, Harpellales,,,,,,,,,,,
329,15,0.04%,Eukaryota, Metazoa, Ecdysozoa, Nematoda, Enoplea, Dorylaimia, Trichinellida,,,,,,,,,,,
329,10,0.03%,Eukaryota, Viridiplantae, Chlorophyta, core chlorophytes, Chlorophyceae, CS clade, Sphaeropleales,,,,,,,,,,,
329,7,0.02%,Eukaryota, Metazoa, Spiralia, Gnathifera, Rotifera, Eurotatoria, Monogononta, Pseudotrocha, Ploima,,,,,,,,,
329,5,0.01%,Eukaryota, Viridiplantae, Chlorophyta, core chlorophytes, Chlorophyceae, CS clade, Sphaeropleales, Scenedesmaceae,,,,,,,,,,
329,1,0.00%,Eukaryota, Viridiplantae, Chlorophyta, Nephroselmidophyceae, Nephroselmidales,,,,,,,,,,,,,
329,1,0.00%,Eukaryota, Viridiplantae, Chlorophyta, core chlorophytes, Trebouxiophyceae, Trebouxiales,,,,,,,,,,,,
329,1,0.00%,Eukaryota, Metazoa, Spiralia, Gnathifera, Rotifera, Eurotatoria, Bdelloidea, Adinetida,,,,,,,,,,
329,1,0.00%,Eukaryota, Metazoa, Ecdysozoa, Nematoda, Chromadorea, Rhabditida, Spirurina, Spiruromorpha, Physalopteroidea,,,,,,,,,
329,1,0.00%,Eukaryota, Metazoa, Ecdysozoa, Arthropoda, Hexapoda, Insecta, Pterygota, Neoptera, Endopterygota, Diptera, Nematocera, Chironomoidea, Chironomidae,,,,,
329,1,0.00%,Eukaryota, Fungi, Fungi incertae sedis, Zoopagomycota, Kickxellomycotina, Harpellomycetes, Harpellales,,,,,,,,,,,
335,45,0.10%,Eukaryota, Metazoa, Ecdysozoa, Arthropoda, Crustacea, Branchiopoda, Diplostraca, Cladocera, Anomopoda,,,,,,,,,
335,22,0.05%,Eukaryota, Metazoa, Ecdysozoa, Arthropoda, Hexapoda, Insecta, Pterygota, Neoptera, Endopterygota, Diptera, Nematocera, Chironomoidea,,,,,,
335,11,0.02%,Eukaryota, Viridiplantae, Chlorophyta, core chlorophytes, Chlorophyceae, CS clade, Sphaeropleales,,,,,,,,,,,
335,6,0.01%,Eukaryota, Viridiplantae, Chlorophyta, core chlorophytes, Chlorophyceae, CS clade, Sphaeropleales, Scenedesmaceae,,,,,,,,,,
335,6,0.01%,Eukaryota, Viridiplantae, Chlorophyta, core chlorophytes, Chlorophyceae, CS clade, Chlamydomonadales, Chlamydomonadaceae, Carteria,,,,,,,,,
335,3,0.01%,Eukaryota, Metazoa, Spiralia, Gnathifera, Rotifera, Eurotatoria, Monogononta, Pseudotrocha, Ploima,,,,,,,,,
335,1,0.00%,Eukaryota, Viridiplantae, Chlorophyta, core chlorophytes, Chlorophyceae, CS clade, Sphaeropleales, Selenastraceae, Ankistrodesmus,,,,,,,,,
335,1,0.00%,Eukaryota, Viridiplantae, Chlorophyta, core chlorophytes, Chlorophyceae, CS clade, Chlamydomonadales,,,,,,,,,,,
335,1,0.00%,Eukaryota, Viridiplantae, Chlorophyta, core chlorophytes,,,,,,,,,,,,,,
335,2,0.00%,Eukaryota, Sar, Stramenopiles, Ochrophyta, Eustigmatophyceae, Eustigmatales,,,,,,,,,,,,
335,1,0.00%,Eukaryota, Sar, Stramenopiles, Ochrophyta, Eustigmatophyceae,,,,,,,,,,,,,
335,1,0.00%,Eukaryota, Sar, Stramenopiles, Ochrophyta, Bacillariophyta, Coscinodiscophyceae, Thalassiosirophycidae, Stephanodiscales,,,,,,,,,,
335,1,0.00%,Eukaryota, Sar, Rhizaria, Cercozoa, Glissomonadida,,,,,,,,,,,,,
335,1,0.00%,Eukaryota, Sar, Alveolata, Dinophyceae, Gymnodiniales,,,,,,,,,,,,,
335,1,0.00%,Eukaryota, Sar, Alveolata, Ciliophora, Postciliodesmatophora, Heterotrichea, Heterotrichida,,,,,,,,,,,
335,1,0.00%,Eukaryota, Metazoa, Ecdysozoa, Arthropoda, Crustacea, Oligostraca, Ostracoda, Podocopa, Podocopida, Cypridocopina, Cypridoidea,,,,,,,
335,1,0.00%,Eukaryota, Metazoa, Cnidaria, Myxozoa, Myxosporea, Bivalvulida, Platysporina, Myxobolidae, Dicauda,,,,,,,,,
335,2,0.00%,Eukaryota, Fungi, Fungi incertae sedis, Zoopagomycota, Kickxellomycotina, Harpellomycetes, Harpellales,,,,,,,,,,,
335,1,0.00%,Eukaryota, Fungi, Fungi incertae sedis, Blastocladiomycota, Blastocladiomycota incertae sedis, Blastocladiomycetes, Blastocladiales,,,,,,,,,,,
335,1,0.00%,Eukaryota, Fungi, Dikarya, Ascomycota, Pezizomycotina, Eurotiomycetes, Eurotiomycetidae, Eurotiales,,,,,,,,,,
337,548,0.87%,Eukaryota, Metazoa, Ecdysozoa, Arthropoda, Crustacea, Branchiopoda, Diplostraca, Cladocera, Anomopoda,,,,,,,,,
337,136,0.22%,Eukaryota, Metazoa, Ecdysozoa, Arthropoda, Hexapoda, Insecta, Pterygota, Neoptera, Endopterygota, Diptera, Nematocera, Chironomoidea,,,,,,
337,13,0.02%,Eukaryota, Viridiplantae, Chlorophyta, core chlorophytes, Chlorophyceae, CS clade, Sphaeropleales,,,,,,,,,,,
337,5,0.01%,Eukaryota, Viridiplantae, Chlorophyta, core chlorophytes, Chlorophyceae, CS clade, Sphaeropleales, Scenedesmaceae,,,,,,,,,,
337,7,0.01%,Eukaryota, Metazoa, Spiralia, Gnathifera, Rotifera, Eurotatoria, Monogononta, Pseudotrocha, Ploima,,,,,,,,,
337,9,0.01%,Eukaryota, Fungi, Fungi incertae sedis, Zoopagomycota, Kickxellomycotina, Harpellomycetes, Harpellales,,,,,,,,,,,
337,1,0.00%,Eukaryota, Viridiplantae, Chlorophyta, core chlorophytes, Trebouxiophyceae, Trebouxiales,,,,,,,,,,,,
337,1,0.00%,Eukaryota, Viridiplantae, Chlorophyta, core chlorophytes, Chlorophyceae, CS clade, Chlamydomonadales,,,,,,,,,,,
337,1,0.00%,Eukaryota, Sar, Stramenopiles, Ochrophyta, Eustigmatophyceae, Goniochloridales,,,,,,,,,,,,
337,1,0.00%,Eukaryota, Sar, Stramenopiles, Ochrophyta, Eustigmatophyceae, Eustigmatales,,,,,,,,,,,,
337,1,0.00%,Eukaryota, Sar, Stramenopiles, Ochrophyta, Eustigmatophyceae,,,,,,,,,,,,,
339,148,0.23%,Eukaryota, Metazoa, Ecdysozoa, Arthropoda, Crustacea, Branchiopoda, Diplostraca, Cladocera, Anomopoda,,,,,,,,,
339,37,0.06%,Eukaryota, Viridiplantae, Chlorophyta, core chlorophytes, Chlorophyceae, CS clade, Sphaeropleales,,,,,,,,,,,
339,5,0.01%,Eukaryota, Viridiplantae, Chlorophyta, core chlorophytes, Chlorophyceae, CS clade, Sphaeropleales, Scenedesmaceae,,,,,,,,,,
339,4,0.01%,Eukaryota, Viridiplantae, Chlorophyta, core chlorophytes, Chlorophyceae, CS clade, Chlamydomonadales, Chlamydomonadaceae, Carteria,,,,,,,,,
339,1,0.00%,Eukaryota, Viridiplantae, Chlorophyta, core chlorophytes, Chlorophyceae, CS clade, Sphaeropleales, Selenastraceae, Ankistrodesmus,,,,,,,,,
339,1,0.00%,Eukaryota, Viridiplantae, Chlorophyta, core chlorophytes, Chlorophyceae, CS clade, Sphaeropleales, Neochloridaceae, Chlorotetraedron,,,,,,,,,
339,1,0.00%,Eukaryota, Sar, Stramenopiles, Ochrophyta, Eustigmatophyceae, Goniochloridales,,,,,,,,,,,,
339,2,0.00%,Eukaryota, Sar, Stramenopiles, Ochrophyta, Eustigmatophyceae,,,,,,,,,,,,,
339,3,0.00%,Eukaryota, Metazoa, Spiralia, Gnathifera, Rotifera, Eurotatoria, Monogononta, Pseudotrocha, Ploima,,,,,,,,,
339,1,0.00%,Eukaryota, Metazoa, Spiralia, Gnathifera, Rotifera, Eurotatoria, Monogononta,,,,,,,,,,,
339,1,0.00%,Eukaryota, Metazoa, Ecdysozoa, Arthropoda, Hexapoda, Insecta, Pterygota, Neoptera, Endopterygota, Diptera, Nematocera, Chironomoidea,,,,,,
339,2,0.00%,Eukaryota, Fungi, Fungi incertae sedis, Zoopagomycota, Kickxellomycotina, Harpellomycetes, Harpellales,,,,,,,,,,,
339,1,0.00%,Eukaryota, Fungi, Dikarya, Ascomycota, Pezizomycotina, Eurotiomycetes, Eurotiomycetidae, Eurotiales, Aspergillaceae, Penicillium,,,,,,,,
339,1,0.00%,Eukaryota, Fungi, Dikarya, Ascomycota, Pezizomycotina, Eurotiomycetes, Eurotiomycetidae, Eurotiales,,,,,,,,,,
372,84,0.12%,Eukaryota, Fungi, Dikarya, Ascomycota, Saccharomycotina, Saccharomycetes, Saccharomycetales,,,,,,,,,,,
372,72,0.10%,Eukaryota, Discoba, Euglenozoa, Kinetoplastea, Metakinetoplastina, Trypanosomatida, Trypanosomatidae,,,,,,,,,,,
372,54,0.08%,Eukaryota, Fungi, Dikarya, Ascomycota, Saccharomycotina, Saccharomycetes, Saccharomycetales, Saccharomycodaceae, Hanseniaspora,,,,,,,,,
372,11,0.02%,Eukaryota, Viridiplantae, Chlorophyta, core chlorophytes, Chlorophyceae, CS clade, Sphaeropleales, Scenedesmaceae,,,,,,,,,,
372,14,0.02%,Eukaryota, Viridiplantae, Chlorophyta, core chlorophytes, Chlorophyceae, CS clade, Sphaeropleales,,,,,,,,,,,
372,13,0.02%,Eukaryota, Sar, Stramenopiles, Ochrophyta, Bacillariophyta, Coscinodiscophyceae, Coscinodiscophycidae, Melosirales,,,,,,,,,,
372,1,0.00%,Eukaryota, Viridiplantae, Chlorophyta, Ulvophyceae, TCBD clade, Trentepohliales,,,,,,,,,,,,
372,2,0.00%,Eukaryota, Viridiplantae, Chlorophyta, core chlorophytes, Chlorophyceae, CS clade, Sphaeropleales, Selenastraceae, Ankistrodesmus,,,,,,,,,
372,1,0.00%,Eukaryota, Viridiplantae, Chlorophyta, core chlorophytes, Chlorophyceae, CS clade, Chlamydomonadales,,,,,,,,,,,
372,2,0.00%,Eukaryota, Sar, Stramenopiles, Ochrophyta, Bacillariophyta, Coscinodiscophyceae, Thalassiosirophycidae, Thalassiosirales,,,,,,,,,,
372,2,0.00%,Eukaryota, Metazoa, Spiralia, Gnathifera, Rotifera, Eurotatoria, Monogononta, Pseudotrocha, Ploima,,,,,,,,,
372,2,0.00%,Eukaryota, Metazoa, Ecdysozoa, Arthropoda, Crustacea, Multicrustacea, Hexanauplia, Copepoda, Cyclopoida,,,,,,,,,
372,1,0.00%,Eukaryota, Fungi, Dikarya, Ascomycota, Taphrinomycotina, Taphrinomycetes, Taphrinales,,,,,,,,,,,
372,1,0.00%,Eukaryota, Fungi, Dikarya, Ascomycota, Pezizomycotina, Leotiomycetes,,,,,,,,,,,,
372,1,0.00%,Eukaryota, Fungi, Dikarya, Ascomycota, Pezizomycotina, Lecanoromycetes, OSLEUM clade, Lecanoromycetidae, Caliciales, Caliciaceae,,,,,,,,
378,205,0.41%,Eukaryota, Sar, Stramenopiles, Ochrophyta, Bacillariophyta, Coscinodiscophyceae, Coscinodiscophycidae, Melosirales,,,,,,,,,,
378,8,0.02%,Eukaryota, Metazoa, Spiralia, Lophotrochozoa, Annelida, Clitellata, Oligochaeta, Crassiclitellata, Megascolecida,,,,,,,,,
378,6,0.01%,Eukaryota, Viridiplantae, Chlorophyta, core chlorophytes, Chlorophyceae, CS clade, Sphaeropleales, Scenedesmaceae,,,,,,,,,,
378,6,0.01%,Eukaryota, Viridiplantae, Chlorophyta, core chlorophytes, Chlorophyceae, CS clade, Sphaeropleales,,,,,,,,,,,
378,4,0.01%,Eukaryota, Metazoa, Ecdysozoa, Nematoda, Chromadorea, Rhabditida, Spirurina, Ascaridomorpha, Seuratoidea,,,,,,,,,
378,1,0.00%,Eukaryota, Viridiplantae, Chlorophyta, core chlorophytes, Trebouxiophyceae, Trebouxiales, Trebouxiaceae, Dictyochloropsis,,,,,,,,,,
378,1,0.00%,Eukaryota, Viridiplantae, Chlorophyta, core chlorophytes, Chlorophyceae, CS clade, Sphaeropleales, Selenastraceae, Ankistrodesmus,,,,,,,,,
378,1,0.00%,Eukaryota, Sar, Stramenopiles, Ochrophyta, Eustigmatophyceae, Eustigmatales,,,,,,,,,,,,
378,1,0.00%,Eukaryota, Sar, Stramenopiles, Ochrophyta, Bacillariophyta, Coscinodiscophyceae, Thalassiosirophycidae, Thalassiosirales,,,,,,,,,,
378,1,0.00%,Eukaryota, Sar, Stramenopiles, Ochrophyta, Bacillariophyta, Coscinodiscophyceae, Rhizosoleniophycidae, Rhizosoleniales,,,,,,,,,,
378,2,0.00%,Eukaryota, Sar, Rhizaria, Cercozoa, Imbricatea, Silicofilosea, Euglyphida,,,,,,,,,,,
378,2,0.00%,Eukaryota, Metazoa, Ecdysozoa, Arthropoda, Hexapoda, Insecta, Pterygota, Neoptera, Endopterygota, Diptera, Nematocera, Chironomoidea, Chironomidae,,,,,
378,2,0.00%,Eukaryota, Fungi, Dikarya, Ascomycota, Saccharomycotina, Saccharomycetes, Saccharomycetales,,,,,,,,,,,
378,1,0.00%,Eukaryota, Fungi, Dikarya, Ascomycota, Pezizomycotina, Leotiomycetes, Erysiphales,,,,,,,,,,,
379,90,0.18%,Eukaryota, Sar, Stramenopiles, Ochrophyta, Bacillariophyta, Coscinodiscophyceae, Coscinodiscophycidae, Melosirales,,,,,,,,,,
379,13,0.03%,Eukaryota, Viridiplantae, Chlorophyta, core chlorophytes, Chlorophyceae, CS clade, Sphaeropleales,,,,,,,,,,,
379,6,0.01%,Eukaryota, Viridiplantae, Chlorophyta, core chlorophytes, Chlorophyceae, CS clade, Sphaeropleales, Scenedesmaceae,,,,,,,,,,
379,1,0.00%,Eukaryota, Viridiplantae, Chlorophyta, core chlorophytes, Trebouxiophyceae, Chlorellales, Chlorellaceae,,,,,,,,,,,
379,2,0.00%,Eukaryota, Sar, Stramenopiles, Ochrophyta, Bacillariophyta, Coscinodiscophyceae, Thalassiosirophycidae, Thalassiosirales,,,,,,,,,,
379,1,0.00%,Eukaryota, Sar, Stramenopiles, Ochrophyta, Bacillariophyta, Coscinodiscophyceae, Rhizosoleniophycidae, Rhizosoleniales,,,,,,,,,,
379,1,0.00%,Eukaryota, Sar, Alveolata, Dinophyceae, Gymnodiniales,,,,,,,,,,,,,
379,1,0.00%,Eukaryota, Metazoa, Spiralia, Gnathifera, Rotifera, Eurotatoria, Monogononta, Pseudotrocha, Ploima,,,,,,,,,
379,2,0.00%,Eukaryota, Metazoa, Ecdysozoa, Arthropoda, Hexapoda, Insecta, Pterygota, Neoptera, Endopterygota, Diptera, Nematocera, Chironomoidea, Chironomidae,,,,,
379,2,0.00%,Eukaryota, Metazoa, Ecdysozoa, Arthropoda, Hexapoda, Insecta, Pterygota, Neoptera, Endopterygota, Coleoptera, Polyphaga, Staphyliniformia, Hydraenidae,,,,,
379,2,0.00%,Eukaryota, Ichthyosporea,,,,,,,,,,,,,,,,
379,1,0.00%,Eukaryota, Fungi, Dikarya, Basidiomycota, Ustilaginomycotina, Ustilaginomycetes, Ustilaginales,,,,,,,,,,,
379,1,0.00%,Eukaryota, Fungi, Dikarya, Basidiomycota, Agaricomycotina, Tremellomycetes, Trichosporonales,,,,,,,,,,,
379,1,0.00%,Eukaryota, Fungi, Dikarya, Basidiomycota, Agaricomycotina, Agaricomycetes, Cantharellales,,,,,,,,,,,
379,2,0.00%,Eukaryota, Fungi, Dikarya, Ascomycota, Saccharomycotina, Saccharomycetes, Saccharomycetales,,,,,,,,,,,
380,100,0.22%,Eukaryota, Sar, Stramenopiles, Ochrophyta, Bacillariophyta, Coscinodiscophyceae, Coscinodiscophycidae, Melosirales,,,,,,,,,,
380,12,0.03%,Eukaryota, Viridiplantae, Chlorophyta, core chlorophytes, Chlorophyceae, CS clade, Sphaeropleales,,,,,,,,,,,
380,1,0.00%,Eukaryota, Viridiplantae, Streptophyta, Embryophyta, Tracheophyta, Spermatophyta, Magnoliopsida,,,,,,,,,,,
380,1,0.00%,Eukaryota, Viridiplantae, Chlorophyta, core chlorophytes, Trebouxiophyceae, Chlorellales, Chlorellaceae,,,,,,,,,,,
380,2,0.00%,Eukaryota, Viridiplantae, Chlorophyta, core chlorophytes, Chlorophyceae, CS clade, Sphaeropleales, Scenedesmaceae,,,,,,,,,,
380,1,0.00%,Eukaryota, Sar, Stramenopiles, Ochrophyta, Eustigmatophyceae, Eustigmatales,,,,,,,,,,,,
380,2,0.00%,Eukaryota, Sar, Stramenopiles, Ochrophyta, Bacillariophyta, Coscinodiscophyceae, Thalassiosirophycidae, Thalassiosirales,,,,,,,,,,
380,1,0.00%,Eukaryota, Rhodophyta, Florideophyceae, Nemaliophycidae, Thoreales, Thoreaceae, Nemalionopsis,,,,,,,,,,,
380,1,0.00%,Eukaryota, Metazoa, Ecdysozoa, Arthropoda, Hexapoda, Insecta, Pterygota, Neoptera, Endopterygota, Diptera, Nematocera, Chironomoidea, Chironomidae,,,,,
380,1,0.00%,Eukaryota, Fungi, Fungi incertae sedis, Zoopagomycota, Kickxellomycotina, Harpellomycetes, Harpellales,,,,,,,,,,,
382,50,0.14%,Eukaryota, Sar, Stramenopiles, Ochrophyta, Bacillariophyta, Coscinodiscophyceae, Coscinodiscophycidae, Melosirales,,,,,,,,,,
382,9,0.02%,Eukaryota, Viridiplantae, Chlorophyta, core chlorophytes, Chlorophyceae, CS clade, Sphaeropleales,,,,,,,,,,,
382,8,0.02%,Eukaryota, Metazoa, Ecdysozoa, Arthropoda, Hexapoda, Insecta, Pterygota, Neoptera, Endopterygota, Diptera, Nematocera, Chironomoidea, Chironomidae,,,,,
382,3,0.01%,Eukaryota, Viridiplantae, Chlorophyta, core chlorophytes, Chlorophyceae, CS clade, Sphaeropleales, Scenedesmaceae,,,,,,,,,,
382,1,0.00%,Eukaryota, Viridiplantae, Chlorophyta, core chlorophytes, Chlorophyceae, CS clade, Sphaeropleales, Selenastraceae, Ankistrodesmus,,,,,,,,,
382,1,0.00%,Eukaryota, Sar, Stramenopiles, Ochrophyta, Eustigmatophyceae, Eustigmatales,,,,,,,,,,,,
382,1,0.00%,Eukaryota, Sar, Stramenopiles, Ochrophyta, Bacillariophyta, Coscinodiscophyceae, Thalassiosirophycidae, Thalassiosirales,,,,,,,,,,
382,1,0.00%,Eukaryota, Metazoa, Ecdysozoa, Nematoda, Chromadorea, Rhabditida, Spirurina, Ascaridomorpha, Seuratoidea,,,,,,,,,
382,1,0.00%,Eukaryota, Fungi, Dikarya, Basidiomycota, Pucciniomycotina, Cystobasidiomycetes, Cystobasidiomycetes incertae sedis,,,,,,,,,,,
387,1,0.00%,Eukaryota, Viridiplantae, Chlorophyta, core chlorophytes, Trebouxiophyceae, Trebouxiales,,,,,,,,,,,,
387,3,0.00%,Eukaryota, Viridiplantae, Chlorophyta, core chlorophytes, Chlorophyceae, CS clade, Sphaeropleales,,,,,,,,,,,
387,1,0.00%,Eukaryota, Sar, Stramenopiles, Oomycota, Lagenidiales,,,,,,,,,,,,,
387,1,0.00%,Eukaryota, Sar, Stramenopiles, Ochrophyta, Eustigmatophyceae, Goniochloridales,,,,,,,,,,,,
387,1,0.00%,Eukaryota, Sar, Stramenopiles, Ochrophyta, Eustigmatophyceae,,,,,,,,,,,,,
387,1,0.00%,Eukaryota, Sar, Stramenopiles, Ochrophyta, Bacillariophyta, Coscinodiscophyceae, Thalassiosirophycidae,,,,,,,,,,,
387,1,0.00%,Eukaryota, Sar, Alveolata, Dinophyceae, Suessiales,,,,,,,,,,,,,
387,1,0.00%,Eukaryota, Metazoa, Ecdysozoa, Arthropoda, Crustacea, Branchiopoda, Diplostraca, Cladocera, Anomopoda,,,,,,,,,
388,2,0.02%,Eukaryota, Metazoa, Cnidaria, Myxozoa, Myxosporea, Bivalvulida, Platysporina, Myxobolidae, Dicauda,,,,,,,,,
394,1,0.00%,Eukaryota, Viridiplantae, Chlorophyta, core chlorophytes, Chlorophyceae, CS clade, Sphaeropleales,,,,,,,,,,,
395,3,0.01%,Eukaryota, Viridiplantae, Chlorophyta, core chlorophytes, Chlorophyceae, CS clade, Sphaeropleales,,,,,,,,,,,
395,2,0.01%,Eukaryota, Metazoa, Spiralia, Gnathifera, Rotifera, Eurotatoria, Monogononta, Pseudotrocha, Ploima,,,,,,,,,
400,1,0.00%,Eukaryota, Viridiplantae, Chlorophyta, core chlorophytes, Chlorophyceae, CS clade, Sphaeropleales,,,,,,,,,,,
404,1,0.00%,Eukaryota, Viridiplantae, Chlorophyta, core chlorophytes, Chlorophyceae, CS clade, Sphaeropleales,,,,,,,,,,,
404,1,0.00%,Eukaryota, Metazoa, Ecdysozoa, Arthropoda, Hexapoda, Insecta, Pterygota, Neoptera, Endopterygota, Coleoptera, Polyphaga, Staphyliniformia, Hydraenidae,,,,,
405,1,0.00%,Eukaryota, Viridiplantae, Streptophyta, Embryophyta, Tracheophyta, Spermatophyta, Magnoliopsida, Liliopsida, Dioscoreales,,,,,,,,,
406,5,0.01%,Eukaryota, Metazoa, Spiralia, Lophotrochozoa, Platyhelminthes, Trematoda,,,,,,,,,,,,
406,1,0.00%,Eukaryota, Metazoa, Ecdysozoa, Arthropoda, Chelicerata, Arachnida, Acari, Acariformes, Trombidiformes, Prostigmata, Eupodina, Eriophyoidea,,,,,,
406,1,0.00%,Eukaryota, Fungi, Dikarya, Ascomycota, Saccharomycotina, Saccharomycetes, Saccharomycetales,,,,,,,,,,,
407,5,0.01%,Eukaryota, Metazoa, Cnidaria, Myxozoa, Myxosporea, Bivalvulida, Variisporina,,,,,,,,,,,
408,7,0.02%,Eukaryota, Fungi, Dikarya, Ascomycota, Saccharomycotina, Saccharomycetes, Saccharomycetales,,,,,,,,,,,
408,1,0.00%,Eukaryota, Metazoa, Ecdysozoa, Arthropoda, Hexapoda, Insecta, Pterygota, Neoptera, Endopterygota, Hymenoptera, Apocrita, Parasitoida, Ichneumonoidea, Braconidae,,,,
414,1,0.00%,Eukaryota, Metazoa, Ecdysozoa, Arthropoda, Hexapoda, Insecta, Pterygota, Neoptera, Endopterygota, Hymenoptera, Apocrita, Parasitoida, Chalcidoidea,,,,,
415,17,0.03%,Eukaryota, Fungi, Dikarya, Ascomycota, Saccharomycotina, Saccharomycetes, Saccharomycetales,,,,,,,,,,,
415,1,0.00%,Eukaryota, Metazoa, Ecdysozoa, Arthropoda, Hexapoda, Insecta, Pterygota, Neoptera, Paraneoptera, Hemiptera, Auchenorrhyncha, Membracoidea,,,,,,
415,1,0.00%,Eukaryota, Fungi, Dikarya, Basidiomycota, Pucciniomycotina, Cystobasidiomycetes,,,,,,,,,,,,
421,1,0.00%,Eukaryota, Fungi, Fungi incertae sedis, Zoopagomycota, Entomophthoromycotina, Entomophthoromycetes, Entomophthorales,,,,,,,,,,,
422,1,0.00%,Eukaryota, Fungi, Dikarya, Ascomycota, Pezizomycotina, Dothideomycetes,,,,,,,,,,,,
426,1,0.00%,Eukaryota, Viridiplantae, Chlorophyta, core chlorophytes, Chlorophyceae, CS clade, Sphaeropleales, Scenedesmaceae,,,,,,,,,,
426,1,0.00%,Eukaryota, Metazoa, Spiralia, Lophotrochozoa, Platyhelminthes, Trematoda, Digenea, Diplostomida, Diplostomoidea, Strigeidae, Apharyngostrigea,,,,,,,
426,1,0.00%,Eukaryota, Metazoa, Ecdysozoa, Nematoda, Chromadorea, Rhabditida, Spirurina, Spiruromorpha, Physalopteroidea,,,,,,,,,
427,1,0.00%,Eukaryota, Viridiplantae, Streptophyta, Embryophyta, Tracheophyta, Spermatophyta, Magnoliopsida, Liliopsida, Dioscoreales,,,,,,,,,
428,4,0.01%,Eukaryota, Viridiplantae, Chlorophyta, core chlorophytes, Chlorophyceae, CS clade, Sphaeropleales,,,,,,,,,,,
428,1,0.00%,Eukaryota, Metazoa, Ecdysozoa, Arthropoda, Crustacea, Oligostraca, Ostracoda, Podocopa, Podocopida, Cypridocopina, Cypridoidea, Cyprididae, Cypridopsis,,,,,
428,2,0.00%,Eukaryota, Metazoa, Ecdysozoa, Arthropoda, Crustacea, Oligostraca, Ostracoda, Podocopa, Podocopida, Cypridocopina, Cypridoidea,,,,,,,
431,1,0.00%,Eukaryota, Viridiplantae, Chlorophyta, core chlorophytes, Chlorophyceae, CS clade, Sphaeropleales,,,,,,,,,,,
431,1,0.00%,Eukaryota, Metazoa, Cnidaria, Myxozoa, Myxosporea, Bivalvulida, Variisporina,,,,,,,,,,,
432,2,0.00%,Eukaryota, Viridiplantae, Chlorophyta, core chlorophytes, Chlorophyceae, CS clade, Sphaeropleales,,,,,,,,,,,
432,1,0.00%,Eukaryota, Sar, Alveolata, Dinophyceae, Peridiniales,,,,,,,,,,,,,
432,1,0.00%,Eukaryota, Metazoa, Ecdysozoa, Arthropoda, Hexapoda, Insecta, Pterygota, Neoptera, Endopterygota, Diptera, Nematocera, Chironomoidea, Chironomidae,,,,,
433,4,0.01%,Eukaryota, Viridiplantae, Chlorophyta, core chlorophytes, Chlorophyceae, CS clade, Sphaeropleales,,,,,,,,,,,
433,1,0.00%,Eukaryota, Viridiplantae, Chlorophyta, core chlorophytes, Chlorophyceae, CS clade, Sphaeropleales, Scenedesmaceae,,,,,,,,,,
433,1,0.00%,Eukaryota, Metazoa, Spiralia, Lophotrochozoa, Platyhelminthes, Trematoda, Digenea, Diplostomida, Diplostomoidea,,,,,,,,,
434,7,0.01%,Eukaryota, Viridiplantae, Chlorophyta, core chlorophytes, Chlorophyceae, CS clade, Sphaeropleales,,,,,,,,,,,
434,1,0.00%,Eukaryota, Viridiplantae, Chlorophyta, core chlorophytes, Trebouxiophyceae, Chlorellales, Chlorellaceae,,,,,,,,,,,
434,1,0.00%,Eukaryota, Viridiplantae, Chlorophyta, core chlorophytes, Chlorophyceae, CS clade, Sphaeropleales, Scenedesmaceae,,,,,,,,,,
434,1,0.00%,Eukaryota, Sar, Stramenopiles, Ochrophyta, Bacillariophyta, Coscinodiscophyceae, Thalassiosirophycidae, Thalassiosirales,,,,,,,,,,
434,1,0.00%,Eukaryota, Metazoa, Ecdysozoa, Nematoda, Chromadorea, Rhabditida, Spirurina, Spiruromorpha, Physalopteroidea,,,,,,,,,
434,1,0.00%,Eukaryota, Metazoa, Ecdysozoa, Arthropoda, Hexapoda, Insecta, Pterygota, Neoptera, Endopterygota, Diptera, Nematocera, Chironomoidea,,,,,,
435,54,0.08%,Eukaryota, Sar, Alveolata, Dinophyceae, Peridiniales, Kryptoperidiniaceae, Unruhdinium,,,,,,,,,,,
435,34,0.05%,Eukaryota, Sar, Stramenopiles, Ochrophyta, Bacillariophyta, Coscinodiscophyceae, Thalassiosirophycidae, Thalassiosirales,,,,,,,,,,
435,29,0.04%,Eukaryota, Viridiplantae, Chlorophyta, core chlorophytes, Chlorophyceae, CS clade, Sphaeropleales,,,,,,,,,,,
435,22,0.03%,Eukaryota, Sar, Alveolata, Dinophyceae, Peridiniales,,,,,,,,,,,,,
435,4,0.01%,Eukaryota, Viridiplantae, Chlorophyta, core chlorophytes, Chlorophyceae, CS clade, Sphaeropleales, Scenedesmaceae,,,,,,,,,,
435,1,0.00%,Eukaryota, Viridiplantae, Chlorophyta, core chlorophytes, Chlorophyceae, CS clade, Sphaeropleales, Selenastraceae, Ankistrodesmus,,,,,,,,,
435,1,0.00%,Eukaryota, Viridiplantae, Chlorophyta, core chlorophytes, Chlorophyceae, CS clade, Chlamydomonadales,,,,,,,,,,,
435,2,0.00%,Eukaryota, Sar, Stramenopiles, Ochrophyta, Eustigmatophyceae, Goniochloridales,,,,,,,,,,,,
435,1,0.00%,Eukaryota, Sar, Stramenopiles, Ochrophyta, Eustigmatophyceae, Eustigmatales,,,,,,,,,,,,
435,2,0.00%,Eukaryota, Sar, Alveolata, Dinophyceae,,,,,,,,,,,,,,
435,1,0.00%,Eukaryota, Metazoa, Ecdysozoa, Arthropoda, Hexapoda, Insecta, Pterygota, Neoptera, Endopterygota, Diptera, Nematocera, Chironomoidea, Chironomidae,,,,,
435,2,0.00%,Eukaryota, Metazoa, Ecdysozoa, Arthropoda, Crustacea, Multicrustacea, Hexanauplia, Copepoda, Cyclopoida,,,,,,,,,
435,1,0.00%,Eukaryota, Metazoa, Cnidaria, Myxozoa, Myxosporea, Bivalvulida, Platysporina, Myxobolidae, Dicauda,,,,,,,,,
435,2,0.00%,Eukaryota, Fungi, Fungi incertae sedis, Blastocladiomycota, Blastocladiomycota incertae sedis, Blastocladiomycetes, Blastocladiales,,,,,,,,,,,
435,1,0.00%,Eukaryota, Fungi, Dikarya, Ascomycota, Pezizomycotina, Eurotiomycetes, Eurotiomycetidae, Eurotiales, Aspergillaceae,,,,,,,,,
436,2,0.00%,Eukaryota, Viridiplantae, Chlorophyta, core chlorophytes, Chlorophyceae, CS clade, Sphaeropleales, Scenedesmaceae,,,,,,,,,,
436,1,0.00%,Eukaryota, Viridiplantae, Chlorophyta, core chlorophytes, Chlorophyceae, CS clade, Sphaeropleales,,,,,,,,,,,
436,1,0.00%,Eukaryota, Metazoa, Ecdysozoa, Nematoda, Chromadorea, Rhabditida, Spirurina, Spiruromorpha, Physalopteroidea,,,,,,,,,
438,15,0.02%,Eukaryota, Metazoa, Spiralia, Lophotrochozoa, Platyhelminthes, Trematoda, Digenea, Diplostomida, Diplostomoidea,,,,,,,,,
438,16,0.02%,Eukaryota, Metazoa, Ecdysozoa, Arthropoda, Hexapoda, Insecta, Pterygota, Neoptera, Endopterygota, Diptera, Nematocera, Chironomoidea,,,,,,
438,7,0.01%,Eukaryota, Viridiplantae, Chlorophyta, core chlorophytes, Chlorophyceae, CS clade, Sphaeropleales,,,,,,,,,,,
438,3,0.00%,Eukaryota, Sar, Stramenopiles, Ochrophyta, Bacillariophyta, Coscinodiscophyceae, Thalassiosirophycidae, Thalassiosirales,,,,,,,,,,
438,1,0.00%,Eukaryota, Sar, Alveolata, Dinophyceae, Peridiniales, Kryptoperidiniaceae, Unruhdinium,,,,,,,,,,,
438,1,0.00%,Eukaryota, Sar, Alveolata, Dinophyceae, Peridiniales,,,,,,,,,,,,,
438,2,0.00%,Eukaryota, Metazoa, Ecdysozoa, Nematoda, Chromadorea, Rhabditida, Spirurina, Spiruromorpha, Physalopteroidea,,,,,,,,,
439,63,0.09%,Eukaryota, Metazoa, Spiralia, Lophotrochozoa, Platyhelminthes, Trematoda, Digenea, Diplostomida, Diplostomoidea,,,,,,,,,
439,11,0.02%,Eukaryota, Metazoa, Cnidaria, Myxozoa, Myxosporea, Bivalvulida, Variisporina,,,,,,,,,,,
439,1,0.00%,Eukaryota, Viridiplantae, Chlorophyta, core chlorophytes, Chlorophyceae, CS clade, Sphaeropleales, Scenedesmaceae,,,,,,,,,,
439,2,0.00%,Eukaryota, Viridiplantae, Chlorophyta, core chlorophytes, Chlorophyceae, CS clade, Sphaeropleales,,,,,,,,,,,
439,1,0.00%,Eukaryota, Ichthyosporea,,,,,,,,,,,,,,,,
440,4,0.01%,Eukaryota, Metazoa, Spiralia, Lophotrochozoa, Platyhelminthes, Cestoda, Eucestoda, Tetraphyllidea,,,,,,,,,,
440,1,0.00%,Eukaryota, Viridiplantae, Chlorophyta, core chlorophytes, Chlorophyceae, CS clade, Sphaeropleales, Scenedesmaceae,,,,,,,,,,
440,1,0.00%,Eukaryota, Sar, Stramenopiles, Ochrophyta, Bacillariophyta, Coscinodiscophyceae, Thalassiosirophycidae, Thalassiosirales,,,,,,,,,,
441,1,0.00%,Eukaryota, Metazoa, Ecdysozoa, Arthropoda, Hexapoda, Insecta, Pterygota, Neoptera, Endopterygota, Diptera, Nematocera, Chironomoidea,,,,,,
442,1,0.00%,Eukaryota, Viridiplantae, Chlorophyta, core chlorophytes, Chlorophyceae, CS clade, Sphaeropleales,,,,,,,,,,,
442,1,0.00%,Eukaryota, Metazoa, Cnidaria, Myxozoa, Myxosporea, Bivalvulida, Variisporina,,,,,,,,,,,
451,1,0.00%,Eukaryota, Metazoa, Ecdysozoa, Nematoda, Chromadorea, Rhabditida, Spirurina, Spiruromorpha, Physalopteroidea,,,,,,,,,
452,1,0.00%,Eukaryota, Fungi, Fungi incertae sedis, Mucoromycota, Mucoromycotina, Mucoromycetes, Mucorales, Mucorineae, Choanephoraceae,,,,,,,,,
453,2,0.01%,Eukaryota, Viridiplantae, Chlorophyta, core chlorophytes, Chlorophyceae, CS clade, Sphaeropleales, Scenedesmaceae,,,,,,,,,,
453,2,0.01%,Eukaryota, Viridiplantae, Chlorophyta, core chlorophytes, Chlorophyceae, CS clade, Sphaeropleales,,,,,,,,,,,
455,12,0.03%,Eukaryota, Metazoa, Ecdysozoa, Arthropoda, Hexapoda, Insecta, Pterygota, Neoptera, Endopterygota, Diptera, Nematocera, Chironomoidea,,,,,,
455,2,0.00%,Eukaryota, Viridiplantae, Chlorophyta, core chlorophytes, Chlorophyceae, CS clade, Sphaeropleales, Scenedesmaceae,,,,,,,,,,
455,1,0.00%,Eukaryota, Viridiplantae, Chlorophyta, core chlorophytes, Chlorophyceae, CS clade, Sphaeropleales,,,,,,,,,,,
455,1,0.00%,Eukaryota, Fungi, Dikarya, Ascomycota, Pezizomycotina, Dothideomycetes, Pleosporomycetidae, Pleosporales, Massarineae,,,,,,,,,
455,1,0.00%,Eukaryota, Amoebozoa, Tubulinea, Echinamoebida,,,,,,,,,,,,,,
456,3,0.01%,Eukaryota, Sar, Stramenopiles, Ochrophyta, Eustigmatophyceae, Eustigmatales,,,,,,,,,,,,
458,11,0.01%,Eukaryota, Metazoa, Ecdysozoa, Arthropoda, Hexapoda, Insecta, Pterygota, Neoptera, Endopterygota, Diptera, Nematocera, Chironomoidea, Chironomidae,,,,,
458,2,0.00%,Eukaryota, Viridiplantae, Chlorophyta, core chlorophytes, Chlorophyceae, CS clade, Sphaeropleales,,,,,,,,,,,
458,4,0.00%,Eukaryota, Metazoa, Ecdysozoa, Arthropoda, Hexapoda, Insecta, Pterygota, Neoptera, Endopterygota, Diptera, Nematocera, Chironomoidea,,,,,,
459,21,0.04%,Eukaryota, Metazoa, Ecdysozoa, Arthropoda, Hexapoda, Insecta, Pterygota, Neoptera, Endopterygota, Diptera, Nematocera, Chironomoidea,,,,,,
459,18,0.03%,Eukaryota, Viridiplantae, Chlorophyta, core chlorophytes, Chlorophyceae, CS clade, Sphaeropleales,,,,,,,,,,,
459,3,0.01%,Eukaryota, Viridiplantae, Chlorophyta, core chlorophytes, Trebouxiophyceae, Chlorellales, Chlorellaceae,,,,,,,,,,,
459,2,0.00%,Eukaryota, Viridiplantae, Chlorophyta, core chlorophytes, Chlorophyceae, CS clade, Sphaeropleales, Scenedesmaceae,,,,,,,,,,
459,2,0.00%,Eukaryota, Viridiplantae, Chlorophyta, core chlorophytes, Chlorophyceae, CS clade, Chlamydomonadales,,,,,,,,,,,
459,2,0.00%,Eukaryota, Sar, Stramenopiles, Ochrophyta, Eustigmatophyceae, Eustigmatales,,,,,,,,,,,,
459,1,0.00%,Eukaryota, Metazoa, Ecdysozoa, Nematoda, Chromadorea, Rhabditida, Spirurina, Spiruromorpha, Spiruroidea, Rhabdochonidae, Rhabdochona,,,,,,,
459,1,0.00%,Eukaryota, Ichthyosporea,,,,,,,,,,,,,,,,
470,10,0.02%,Eukaryota, Metazoa, Spiralia, Lophotrochozoa, Platyhelminthes, Trematoda, Digenea, Diplostomida, Diplostomoidea,,,,,,,,,
470,5,0.01%,Eukaryota, Metazoa, Ecdysozoa, Arthropoda, Hexapoda, Insecta, Pterygota, Neoptera, Endopterygota, Coleoptera, Polyphaga, Staphyliniformia, Hydraenidae,,,,,
470,1,0.00%,Eukaryota, Metazoa, Spiralia, Lophotrochozoa, Platyhelminthes, Trematoda, Digenea, Opisthorchiida, Opisthorchiata,,,,,,,,,
470,1,0.00%,Eukaryota, Metazoa, Ecdysozoa, Arthropoda, Hexapoda, Insecta, Pterygota, Neoptera, Endopterygota, Hymenoptera, Apocrita, Aculeata, Formicoidea, Formicidae,,,,
470,1,0.00%,Eukaryota, Metazoa, Ecdysozoa, Arthropoda, Chelicerata, Arachnida, Opiliones, Laniatores, Travunioidea,,,,,,,,,
471,3,0.01%,Eukaryota, Metazoa, Ecdysozoa, Arthropoda, Crustacea, Oligostraca, Ostracoda, Podocopa, Podocopida, Cypridocopina, Cypridoidea, Cyprididae, Cypridopsis,,,,,
471,1,0.00%,Eukaryota, Metazoa, Ecdysozoa, Arthropoda, Hexapoda, Insecta, Pterygota, Neoptera, Endopterygota, Hymenoptera, Apocrita, Parasitoida, Ichneumonoidea, Braconidae,,,,
471,1,0.00%,Eukaryota, Metazoa, Ecdysozoa, Arthropoda, Hexapoda, Insecta, Pterygota, Neoptera, Endopterygota, Hymenoptera, Apocrita, Aculeata, Formicoidea, Formicidae,,,,
471,1,0.00%,Eukaryota, Metazoa, Ecdysozoa, Arthropoda, Hexapoda, Insecta, Pterygota, Neoptera, Endopterygota, Coleoptera, Polyphaga, Staphyliniformia, Hydraenidae,,,,,
471,1,0.00%,Eukaryota, Fungi, Fungi incertae sedis, Mucoromycota, Mortierellomycotina, Mortierellomycetes, Mortierellales,,,,,,,,,,,
472,6,0.03%,Eukaryota, Metazoa, Spiralia, Lophotrochozoa, Platyhelminthes, Trematoda, Digenea, Diplostomida, Diplostomoidea,,,,,,,,,
472,1,0.00%,Eukaryota, Metazoa, Ecdysozoa, Arthropoda, Chelicerata, Arachnida, Acari, Acariformes, Trombidiformes, Prostigmata, Anystina, Parasitengona, Hydracarina, Arrenuroidea,,,,
474,12,0.02%,Eukaryota, Metazoa, Ecdysozoa, Arthropoda, Crustacea, Oligostraca, Ostracoda, Podocopa, Podocopida, Cypridocopina, Cypridoidea, Cyprididae, Cypridopsis,,,,,
474,10,0.02%,Eukaryota, Metazoa, Ecdysozoa, Arthropoda, Crustacea, Oligostraca, Ostracoda, Podocopa, Podocopida, Cypridocopina, Cypridoidea,,,,,,,
474,1,0.00%,Eukaryota, Viridiplantae, Chlorophyta, core chlorophytes, Chlorophyceae, CS clade, Sphaeropleales,,,,,,,,,,,
474,1,0.00%,Eukaryota, Sar, Stramenopiles, Ochrophyta, Eustigmatophyceae, Goniochloridales,,,,,,,,,,,,
476,2,0.01%,Eukaryota, Metazoa, Spiralia, Lophotrochozoa, Platyhelminthes, Trematoda, Digenea, Diplostomida, Diplostomoidea,,,,,,,,,
476,1,0.00%,Eukaryota, Viridiplantae, Chlorophyta, core chlorophytes,,,,,,,,,,,,,,
477,12,0.03%,Eukaryota, Viridiplantae, Chlorophyta, core chlorophytes, Chlorophyceae, CS clade, Sphaeropleales,,,,,,,,,,,
477,2,0.01%,Eukaryota, Sar, Stramenopiles, Ochrophyta, Eustigmatophyceae, Eustigmatales,,,,,,,,,,,,
477,2,0.01%,Eukaryota, Metazoa, Spiralia, Gnathifera, Rotifera, Eurotatoria, Monogononta, Pseudotrocha, Ploima,,,,,,,,,
477,2,0.01%,Eukaryota, Metazoa, Spiralia, Gnathifera, Rotifera, Eurotatoria, Monogononta, Gnesiotrocha, Flosculariaceae,,,,,,,,,
477,2,0.01%,Eukaryota, Metazoa, Ecdysozoa, Nematoda, Enoplea, Dorylaimia, Dorylaimida, Dorylaimina, Longidoroidea,,,,,,,,,
477,1,0.00%,Eukaryota, Viridiplantae, Chlorophyta, core chlorophytes, Chlorophyceae, CS clade, Sphaeropleales, Selenastraceae, Ankistrodesmus,,,,,,,,,
477,1,0.00%,Eukaryota, Sar, Stramenopiles, Ochrophyta, Eustigmatophyceae, Goniochloridales,,,,,,,,,,,,
477,1,0.00%,Eukaryota, Sar, Stramenopiles, Ochrophyta, Bacillariophyta, Bacillariophyceae, Bacillariophycidae, Naviculales,,,,,,,,,,
477,1,0.00%,Eukaryota, Sar, Alveolata, Dinophyceae, Gymnodiniales,,,,,,,,,,,,,
477,1,0.00%,Eukaryota, Metazoa, Ecdysozoa, Arthropoda, Hexapoda, Insecta, Pterygota, Neoptera, Endopterygota, Diptera, Nematocera, Chironomoidea, Chironomidae,,,,,
481,3,0.01%,Eukaryota, Metazoa, Ecdysozoa, Nematoda, Chromadorea, Rhabditida, Spirurina, Spiruromorpha, Physalopteroidea,,,,,,,,,
481,2,0.00%,Eukaryota, Viridiplantae, Chlorophyta, core chlorophytes, Chlorophyceae, CS clade, Sphaeropleales,,,,,,,,,,,
481,1,0.00%,Eukaryota, Sar, Stramenopiles, Ochrophyta, Bacillariophyta, Bacillariophyceae, Bacillariophycidae, Naviculales,,,,,,,,,,
481,1,0.00%,Eukaryota, Metazoa, Ecdysozoa, Arthropoda, Hexapoda, Insecta, Pterygota, Neoptera, Endopterygota, Diptera, Nematocera, Chironomoidea, Chironomidae,,,,,
481,1,0.00%,Eukaryota, Metazoa, Cnidaria, Myxozoa, Myxosporea, Bivalvulida, Platysporina,,,,,,,,,,,
485,1,0.01%,Eukaryota, Fungi, Fungi incertae sedis, Mucoromycota, Mucoromycotina, Mucoromycetes, Mucorales, Mucorineae, Choanephoraceae, Choanephoroideae, Blakeslea,,,,,,,
486,2,0.00%,Eukaryota, Metazoa, Ecdysozoa, Arthropoda, Hexapoda, Insecta, Pterygota, Palaeoptera, Ephemeroptera, Pannota,,,,,,,,
487,1,0.00%,Eukaryota, Viridiplantae, Chlorophyta, core chlorophytes, Chlorophyceae, CS clade, Sphaeropleales,,,,,,,,,,,
487,1,0.00%,Eukaryota, Sar, Stramenopiles, Ochrophyta, Bacillariophyta, Coscinodiscophyceae, Coscinodiscophycidae, Melosirales,,,,,,,,,,
488,17,0.04%,Eukaryota, Metazoa, Spiralia, Lophotrochozoa, Mollusca, Bivalvia, Autobranchia, Heteroconchia, Euheterodonta, Imparidentia, Lucinida, Lucinoidea,,,,,,
488,1,0.00%,Eukaryota, Metazoa, Ecdysozoa, Arthropoda, Hexapoda, Insecta, Pterygota, Neoptera, Endopterygota, Hymenoptera, Apocrita, Parasitoida, Ichneumonoidea, Braconidae,,,,
488,1,0.00%,Eukaryota, Metazoa, Ecdysozoa, Arthropoda, Hexapoda, Insecta, Pterygota, Neoptera, Endopterygota, Hymenoptera, Apocrita, Aculeata, Formicoidea, Formicidae,,,,
488,1,0.00%,Eukaryota, Metazoa, Cnidaria, Myxozoa, Myxosporea, Bivalvulida, Platysporina,,,,,,,,,,,
490,1,0.00%,Eukaryota, Viridiplantae, Chlorophyta, core chlorophytes, Chlorophyceae, CS clade, Sphaeropleales,,,,,,,,,,,
490,1,0.00%,Eukaryota, Metazoa, Spiralia, Lophotrochozoa, Platyhelminthes, Trematoda,,,,,,,,,,,,
491,21,0.01%,Eukaryota, Metazoa, Spiralia, Lophotrochozoa, Mollusca, Bivalvia, Autobranchia, Heteroconchia, Euheterodonta, Imparidentia, Lucinida, Lucinoidea,,,,,,
491,18,0.01%,Eukaryota, Metazoa, Ecdysozoa, Nematoda, Chromadorea, Rhabditida, Spirurina, Ascaridomorpha, Seuratoidea,,,,,,,,,
491,3,0.00%,Eukaryota, Viridiplantae, Chlorophyta, core chlorophytes, Chlorophyceae, CS clade, Sphaeropleales,,,,,,,,,,,
491,4,0.00%,Eukaryota, Sar, Stramenopiles, Ochrophyta, Bacillariophyta, Coscinodiscophyceae, Coscinodiscophycidae, Melosirales,,,,,,,,,,
491,1,0.00%,Eukaryota, Sar, Rhizaria, Cercozoa, Cercomonadida, Cercomonadidae, Eocercomonas,,,,,,,,,,,
491,1,0.00%,Eukaryota, Metazoa, Spiralia, Lophotrochozoa, Platyhelminthes, Trematoda, Digenea, Diplostomida, Diplostomoidea,,,,,,,,,
491,7,0.00%,Eukaryota, Metazoa, Ecdysozoa, Nematoda, Chromadorea, Rhabditida, Spirurina, Spiruromorpha, Physalopteroidea,,,,,,,,,
492,3,0.01%,Eukaryota, Sar, Stramenopiles, Ochrophyta, Bacillariophyta, Coscinodiscophyceae, Coscinodiscophycidae, Melosirales,,,,,,,,,,
492,2,0.00%,Eukaryota, Metazoa, Spiralia, Lophotrochozoa, Platyhelminthes, Cestoda, Eucestoda, Tetraphyllidea,,,,,,,,,,
492,2,0.00%,Eukaryota, Metazoa, Ecdysozoa, Nematoda, Chromadorea, Rhabditida, Spirurina, Spiruromorpha, Physalopteroidea,,,,,,,,,
493,7,0.03%,Eukaryota, Metazoa, Spiralia, Lophotrochozoa, Platyhelminthes, Trematoda, Digenea, Diplostomida, Diplostomoidea,,,,,,,,,
493,7,0.03%,Eukaryota, Metazoa, Ecdysozoa, Arthropoda, Hexapoda, Insecta, Pterygota, Neoptera, Endopterygota, Coleoptera, Polyphaga, Staphyliniformia, Hydraenidae,,,,,
494,25,0.10%,Eukaryota, Fungi, Fungi incertae sedis, Microsporidia,,,,,,,,,,,,,,
494,5,0.02%,Eukaryota, Metazoa, Ecdysozoa, Arthropoda, Hexapoda, Insecta, Pterygota, Neoptera, Endopterygota, Diptera, Nematocera, Chironomoidea, Chironomidae,,,,,
494,1,0.00%,Eukaryota, Fungi, Dikarya, Ascomycota, Pezizomycotina, Lecanoromycetes, OSLEUM clade, Lecanoromycetidae, Rhizocarpales,,,,,,,,,
495,8,0.02%,Eukaryota, Metazoa, Ecdysozoa, Arthropoda, Hexapoda, Insecta, Pterygota, Neoptera, Endopterygota, Diptera, Nematocera, Chironomoidea,,,,,,
495,5,0.01%,Eukaryota, Sar, Stramenopiles, Ochrophyta, Bacillariophyta, Bacillariophyceae, Bacillariophycidae, Naviculales,,,,,,,,,,
495,6,0.01%,Eukaryota, Metazoa, Spiralia, Lophotrochozoa, Platyhelminthes, Trematoda, Digenea, Diplostomida, Diplostomoidea,,,,,,,,,
495,1,0.00%,Eukaryota, Viridiplantae, Chlorophyta, core chlorophytes, Chlorophyceae, CS clade, Sphaeropleales,,,,,,,,,,,
495,1,0.00%,Eukaryota, Metazoa, Spiralia, Gnathifera, Rotifera, Eurotatoria, Monogononta, Pseudotrocha, Ploima,,,,,,,,,
495,1,0.00%,Eukaryota, Metazoa, Ecdysozoa, Arthropoda, Hexapoda, Insecta, Pterygota, Neoptera, Endopterygota, Diptera, Nematocera, Chironomoidea, Chironomidae,,,,,
496,5,0.01%,Eukaryota, Metazoa, Spiralia, Lophotrochozoa, Platyhelminthes, Trematoda, Digenea, Diplostomida, Diplostomoidea,,,,,,,,,
496,2,0.00%,Eukaryota, Viridiplantae, Chlorophyta, core chlorophytes, Chlorophyceae, CS clade, Sphaeropleales,,,,,,,,,,,
496,1,0.00%,Eukaryota, Metazoa, Ecdysozoa, Nematomorpha, Gordioida, Gordea, Gordioidea,,,,,,,,,,,
497,10,0.03%,Eukaryota, Metazoa, Spiralia, Lophotrochozoa, Platyhelminthes, Trematoda, Digenea, Diplostomida, Diplostomoidea,,,,,,,,,
497,1,0.00%,Eukaryota, Sar, Stramenopiles, Ochrophyta, Bacillariophyta, Bacillariophyceae, Bacillariophycidae, Naviculales,,,,,,,,,,
497,1,0.00%,Eukaryota, Fungi, Dikarya, Basidiomycota, Agaricomycotina,,,,,,,,,,,,,
498,1,0.00%,Eukaryota, Metazoa, Ecdysozoa, Nematomorpha, Gordioida, Gordea, Gordioidea,,,,,,,,,,,
498,2,0.00%,Eukaryota, Metazoa, Ecdysozoa, Arthropoda, Hexapoda, Insecta, Pterygota, Neoptera, Endopterygota, Diptera, Nematocera, Chironomoidea,,,,,,
499,16,0.03%,Eukaryota, Metazoa, Ecdysozoa, Nematomorpha, Gordioida, Gordea, Gordioidea,,,,,,,,,,,
499,6,0.01%,Eukaryota, Sar, Stramenopiles, Ochrophyta, Bacillariophyta, Bacillariophyceae, Bacillariophycidae, Naviculales,,,,,,,,,,
499,1,0.00%,Eukaryota, Viridiplantae, Chlorophyta, core chlorophytes, Chlorophyceae, CS clade, Sphaeropleales, Selenastraceae, Ankistrodesmus,,,,,,,,,
499,1,0.00%,Eukaryota, Viridiplantae, Chlorophyta, core chlorophytes, Chlorophyceae, CS clade, Sphaeropleales,,,,,,,,,,,
499,2,0.00%,Eukaryota, Metazoa, Ecdysozoa, Arthropoda, Hexapoda, Insecta, Pterygota, Neoptera, Endopterygota, Trichoptera, Integripalpia, Plenitentoria, Limnephiloidea, Limnephilidae, Limnephilinae,,,
499,2,0.00%,Eukaryota, Metazoa, Ecdysozoa, Arthropoda, Hexapoda, Insecta, Pterygota, Neoptera, Endopterygota, Diptera, Nematocera, Chironomoidea,,,,,,
499,1,0.00%,Eukaryota, Metazoa, Cnidaria, Myxozoa, Myxosporea, Bivalvulida, Platysporina,,,,,,,,,,,
499,2,0.00%,Eukaryota, Fungi, Dikarya, Basidiomycota, Agaricomycotina, Agaricomycetes, Trechisporales,,,,,,,,,,,
501,21,0.04%,Eukaryota, Metazoa, Spiralia, Lophotrochozoa, Platyhelminthes, Trematoda, Digenea, Diplostomida, Diplostomoidea,,,,,,,,,
501,1,0.00%,Eukaryota, Viridiplantae, Chlorophyta, core chlorophytes, Chlorophyceae, CS clade, Chlamydomonadales,,,,,,,,,,,
502,30,0.04%,Eukaryota, Metazoa, Spiralia, Lophotrochozoa, Platyhelminthes, Trematoda, Digenea, Diplostomida, Diplostomoidea,,,,,,,,,
502,4,0.01%,Eukaryota, Viridiplantae, Chlorophyta, core chlorophytes, Chlorophyceae, CS clade, Sphaeropleales,,,,,,,,,,,
502,1,0.00%,Eukaryota, Metazoa, Ecdysozoa, Nematoda, Chromadorea, Rhabditida, Spirurina, Ascaridomorpha, Seuratoidea,,,,,,,,,
502,1,0.00%,Eukaryota, Metazoa, Cnidaria, Myxozoa, Myxosporea, Bivalvulida, Variisporina,,,,,,,,,,,
502,1,0.00%,Eukaryota, Ichthyosporea,,,,,,,,,,,,,,,,
,,,,,,,,,,,,,,,,,,,,
,,,,,,,,,,,,,,,,,,,,
,,,,,,,,,,,,,,,,,,,,
,,,,,,,,,,,,,,,,,,,,
,,,,,,,,,,,,,,,,,,,,
,,,,,,,,,,,,,,,,,,,,
,,,,,,,,,,,,,,,,,,,,
,,,,,,,,,,,,,,,,,,,,
,,,,,,,,,,,,,,,,,,,,
,,,,,,,,,,,,,,,,,,,,
,,,,,,,,,,,,,,,,,,,,
,,,,,,,,,,,,,,,,,,,,
,,,,,,,,,,,,,,,,,,,,
,,,,,,,,,,,,,,,,,,,,
,,,,,,,,,,,,,,,,,,,,
,,,,,,,,,,,,,,,,,,,,
,,,,,,,,,,,,,,,,,,,,
,,,,,,,,,,,,,,,,,,,,
,,,,,,,,,,,,,,,,,,,,
,,,,,,,,,,,,,,,,,,,,
,,,,,,,,,,,,,,,,,,,,
,,,,,,,,,,,,,,,,,,,,
,,,,,,,,,,,,,,,,,,,,
,,,,,,,,,,,,,,,,,,,,
,,,,,,,,,,,,,,,,,,,,
,,,,,,,,,,,,,,,,,,,,
,,,,,,,,,,,,,,,,,,,,
,,,,,,,,,,,,,,,,,,,,
,,,,,,,,,,,,,,,,,,,,
,,,,,,,,,,,,,,,,,,,,
,,,,,,,,,,,,,,,,,,,,
,,,,,,,,,,,,,,,,,,,,
,,,,,,,,,,,,,,,,,,,,
,,,,,,,,,,,,,,,,,,,,
,,,,,,,,,,,,,,,,,,,,
,,,,,,,,,,,,,,,,,,,,
,,,,,,,,,,,,,,,,,,,,
,,,,,,,,,,,,,,,,,,,,
,,,,,,,,,,,,,,,,,,,,
,,,,,,,,,,,,,,,,,,,,
,,,,,,,,,,,,,,,,,,,,
,,,,,,,,,,,,,,,,,,,,
,,,,,,,,,,,,,,,,,,,,
,,,,,,,,,,,,,,,,,,,,
,,,,,,,,,,,,,,,,,,,,
,,,,,,,,,,,,,,,,,,,,
,,,,,,,,,,,,,,,,,,,,
,,,,,,,,,,,,,,,,,,,,
,,,,,,,,,,,,,,,,,,,,
,,,,,,,,,,,,,,,,,,,,
,,,,,,,,,,,,,,,,,,,,
,,,,,,,,,,,,,,,,,,,,
,,,,,,,,,,,,,,,,,,,,
,,,,,,,,,,,,,,,,,,,,
,,,,,,,,,,,,,,,,,,,,
,,,,,,,,,,,,,,,,,,,,
,,,,,,,,,,,,,,,,,,,,
,,,,,,,,,,,,,,,,,,,,
,,,,,,,,,,,,,,,,,,,,
,,,,,,,,,,,,,,,,,,,,
,,,,,,,,,,,,,,,,,,,,
,,,,,,,,,,,,,,,,,,,,
,,,,,,,,,,,,,,,,,,,,
,,,,,,,,,,,,,,,,,,,,
,,,,,,,,,,,,,,,,,,,,
,,,,,,,,,,,,,,,,,,,,
,,,,,,,,,,,,,,,,,,,,
,,,,,,,,,,,,,,,,,,,,
,,,,,,,,,,,,,,,,,,,,
,,,,,,,,,,,,,,,,,,,,
,,,,,,,,,,,,,,,,,,,,
,,,,,,,,,,,,,,,,,,,,
,,,,,,,,,,,,,,,,,,,,
,,,,,,,,,,,,,,,,,,,,
,,,,,,,,,,,,,,,,,,,,
,,,,,,,,,,,,,,,,,,,,
,,,,,,,,,,,,,,,,,,,,
,,,,,,,,,,,,,,,,,,,,
,,,,,,,,,,,,,,,,,,,,
,,,,,,,,,,,,,,,,,,,,
,,,,,,,,,,,,,,,,,,,,
,,,,,,,,,,,,,,,,,,,,
,,,,,,,,,,,,,,,,,,,,
,,,,,,,,,,,,,,,,,,,,
,,,,,,,,,,,,,,,,,,,,
,,,,,,,,,,,,,,,,,,,,
,,,,,,,,,,,,,,,,,,,,
,,,,,,,,,,,,,,,,,,,,
,,,,,,,,,,,,,,,,,,,,
,,,,,,,,,,,,,,,,,,,,
,,,,,,,,,,,,,,,,,,,,
,,,,,,,,,,,,,,,,,,,,
,,,,,,,,,,,,,,,,,,,,
,,,,,,,,,,,,,,,,,,,,
,,,,,,,,,,,,,,,,,,,,
,,,,,,,,,,,,,,,,,,,,
,,,,,,,,,,,,,,,,,,,,
,,,,,,,,,,,,,,,,,,,,
,,,,,,,,,,,,,,,,,,,,
,,,,,,,,,,,,,,,,,,,,
,,,,,,,,,,,,,,,,,,,,
,,,,,,,,,,,,,,,,,,,,
,,,,,,,,,,,,,,,,,,,,
,,,,,,,,,,,,,,,,,,,,
,,,,,,,,,,,,,,,,,,,,
,,,,,,,,,,,,,,,,,,,,
,,,,,,,,,,,,,,,,,,,,
,,,,,,,,,,,,,,,,,,,,
,,,,,,,,,,,,,,,,,,,,
,,,,,,,,,,,,,,,,,,,,
,,,,,,,,,,,,,,,,,,,,
,,,,,,,,,,,,,,,,,,,,
,,,,,,,,,,,,,,,,,,,,
,,,,,,,,,,,,,,,,,,,,
,,,,,,,,,,,,,,,,,,,,
,,,,,,,,,,,,,,,,,,,,
,,,,,,,,,,,,,,,,,,,,
,,,,,,,,,,,,,,,,,,,,
,,,,,,,,,,,,,,,,,,,,
,,,,,,,,,,,,,,,,,,,,
,,,,,,,,,,,,,,,,,,,,
,,,,,,,,,,,,,,,,,,,,
,,,,,,,,,,,,,,,,,,,,
,,,,,,,,,,,,,,,,,,,,
,,,,,,,,,,,,,,,,,,,,
,,,,,,,,,,,,,,,,,,,,
,,,,,,,,,,,,,,,,,,,,
,,,,,,,,,,,,,,,,,,,,
,,,,,,,,,,,,,,,,,,,,
,,,,,,,,,,,,,,,,,,,,
,,,,,,,,,,,,,,,,,,,,
,,,,,,,,,,,,,,,,,,,,
,,,,,,,,,,,,,,,,,,,,
,,,,,,,,,,,,,,,,,,,,
,,,,,,,,,,,,,,,,,,,,
,,,,,,,,,,,,,,,,,,,,
,,,,,,,,,,,,,,,,,,,,
,,,,,,,,,,,,,,,,,,,,
,,,,,,,,,,,,,,,,,,,,
,,,,,,,,,,,,,,,,,,,,
,,,,,,,,,,,,,,,,,,,,
,,,,,,,,,,,,,,,,,,,,
,,,,,,,,,,,,,,,,,,,,
,,,,,,,,,,,,,,,,,,,,
,,,,,,,,,,,,,,,,,,,,
,,,,,,,,,,,,,,,,,,,,
,,,,,,,,,,,,,,,,,,,,
,,,,,,,,,,,,,,,,,,,,
,,,,,,,,,,,,,,,,,,,,
,,,,,,,,,,,,,,,,,,,,
,,,,,,,,,,,,,,,,,,,,
,,,,,,,,,,,,,,,,,,,,
,,,,,,,,,,,,,,,,,,,,
,,,,,,,,,,,,,,,,,,,,
,,,,,,,,,,,,,,,,,,,,
,,,,,,,,,,,,,,,,,,,,
,,,,,,,,,,,,,,,,,,,,
,,,,,,,,,,,,,,,,,,,,
,,,,,,,,,,,,,,,,,,,,
,,,,,,,,,,,,,,,,,,,,
,,,,,,,,,,,,,,,,,,,,
,,,,,,,,,,,,,,,,,,,,
,,,,,,,,,,,,,,,,,,,,
,,,,,,,,,,,,,,,,,,,,
,,,,,,,,,,,,,,,,,,,,
,,,,,,,,,,,,,,,,,,,,
,,,,,,,,,,,,,,,,,,,,
,,,,,,,,,,,,,,,,,,,,
,,,,,,,,,,,,,,,,,,,,
,,,,,,,,,,,,,,,,,,,,
,,,,,,,,,,,,,,,,,,,,
,,,,,,,,,,,,,,,,,,,,
,,,,,,,,,,,,,,,,,,,,
,,,,,,,,,,,,,,,,,,,,
,,,,,,,,,,,,,,,,,,,,
,,,,,,,,,,,,,,,,,,,,
,,,,,,,,,,,,,,,,,,,,
,,,,,,,,,,,,,,,,,,,,
,,,,,,,,,,,,,,,,,,,,
,,,,,,,,,,,,,,,,,,,,
,,,,,,,,,,,,,,,,,,,,
,,,,,,,,,,,,,,,,,,,,
,,,,,,,,,,,,,,,,,,,,
,,,,,,,,,,,,,,,,,,,,
,,,,,,,,,,,,,,,,,,,,
,,,,,,,,,,,,,,,,,,,,
,,,,,,,,,,,,,,,,,,,,
,,,,,,,,,,,,,,,,,,,,
,,,,,,,,,,,,,,,,,,,,
,,,,,,,,,,,,,,,,,,,,
,,,,,,,,,,,,,,,,,,,,
,,,,,,,,,,,,,,, Chironomidae,,,,,
,,,,,,,,,,,,,,,,,,,,
,,,,,,,,,,,,,,,,,,,,
,,,,,,,,,,,,,,,,,,,,
,,,,,,,,,,,,,,,,,,,,
,,,,,,,,,,,,,,,,,,,,
,,,,,,,,,,,,,,,,,,,,
,,,,,,,,,,,,,,,,,,,,
,,,,,,,,,,,,,,,,,,,,
,,,,,,,,,,,,,,,,,,,,
,,,,,,,,,,,,,,,,,,,,
,,,,,,,,,,,,,,,,,,,,
,,,,,,,,,,,,,,,,,,,,
,,,,,,,,,,,,,,,,,,,,
,,,,,,,,,,,,,,,,,,,,
,,,,,,,,,,,,,,,,,,,,
,,,,,,,,,,,,,,,,,,,,
,,,,,,,,,,,,,,,,,,,,
,,,,,,,,,,,,,,,,,,,,
,,,,,,,,,,,,,,,,,,,,
,,,,,,,,,,,,,,,,,,,,
,,,,,,,,,,,,,,,,,,,,
,,,,,,,,,,,,,,,,,,,,
,,,,,,,,,,,,,,,,,,,,
,,,,,,,,,,,,,,,,,,,,
,,,,,,,,,,,,,,,,,,,,
,,,,,,,,,,,,,,,,,,,,
,,,,,,,,,,,,,,,,,,,,
,,,,,,,,,,,,,,,,,,,,
,,,,,,,,,,,,,,,,,,,,
,,,,,,,,,,,,,,,,,,,,
,,,,,,,,,,,,,,,,,,,,
,,,,,,,,,,,,,,,,,,,,
,,,,,,,,,,,,,,,,,,,,
,,,,,,,,,,,,,,,,,,,,
,,,,,,,,,,,,,,,,,,,,
,,,,,,,,,,,,,,,,,,,,
,,,,,,,,,,,,,,,,,,,,
,,,,,,,,,,,,,,,,,,,,
,,,,,,,,,,,,,,,,,,,,
,,,,,,,,,,,,,,,,,,,,
,,,,,,,,,,,,,,,,,,,,
,,,,,,,,,,,,,,,,,,,,
,,,,,,,,,,,,,,,,,,,,
,,,,,,,,,,,,,,,,,,,,
,,,,,,,,,,,,,,,,,,,,
,,,,,,,,,,,,,,,,,,,,
,,,,,,,,,,,,,,,,,,,,
,,,,,,,,,,,,,,,,,,,,
,,,,,,,,,,,,,,,,,,,,
,,,,,,,,,,,,,,,,,,,,
,,,,,,,,,,,,,,,,,,,,
,,,,,,,,,,,,,,,,,,,,
,,,,,,,,,,,,,,,,,,,,
,,,,,,,,,,,,,,,,,,,,
,,,,,,,,,,,,,,,,,,,,
,,,,,,,,,,,,,,,,,,,,
,,,,,,,,,,,,,,,,,,,,
,,,,,,,,,,,,,,,,,,,,
,,,,,,,,,,,,,,,,,,,,
,,,,,,,,,,,,,,,,,,,,
,,,,,,,,,,,,,,,,,,,,
,,,,,,,,,,,,,,,,,,,,
,,,,,,,,,,,,,,,,,,,,
,,,,,,,,,,,,,,,,,,,,
,,,,,,,,,,,,,,,,,,,,
,,,,,,,,,,,,,,,,,,,,
,,,,,,,,,,,,,,,,,,,,
,,,,,,,,,,,,,,,,,,,,
,,,,,,,,,,,,,,,,,,,,
,,,,,,,,,,,,,,,,,,,,
,,,,,,,,,,,,,,,,,,,,
,,,,,,,,,,,,,,,,,,,,
,,,,,,,,,,,,,,,,,,,,
,,,,,,,,,,,,,,,,,,,,
,,,,,,,,,,,,,,,,,,,,
,,,,,,,,,,,,,,,,,,,,
,,,,,,,,,,,,,,,,,,,,
,,,,,,,,,,,,,,,,,,,,
,,,,,,,,,,,,,,,,,,,,
,,,,,,,,,,,,,,,,,,,,
,,,,,,,,,,,,,,,,,,,,
,,,,,,,,,,,,,,,,,,,,
,,,,,,,,,,,,,,,,,,,,
,,,,,,,,,,,,,,,,,,,,
,,,,,,,,,,,,,,,,,,,,
,,,,,,,,,,,,,,,,,,,,
,,,,,,,,,,,,,,,,,,,,
,,,,,,,,,,,,,,, Hydracarina, Hygrobatoidea, Unionicolidae, Unionicolinae, Unionicola, Parasitatax
,,,,,,,,,,,,,,,,,,,,
,,,,,,,,,,,,,,,,,,,,
,,,,,,,,,,,,,,,,,,,,
,,,,,,,,,,,,,,,,,,,,
,,,,,,,,,,,,,,,,,,,,
,,,,,,,,,,,,,,,,,,,,
,,,,,,,,,,,,,,,,,,,,
,,,,,,,,,,,,,,,,,,,,
,,,,,,,,,,,,,,,,,,,,
,,,,,,,,,,,,,,,,,,,,
,,,,,,,,,,,,,,,,,,,,
,,,,,,,,,,,,,,,,,,,,
,,,,,,,,,,,,,,,,,,,,
,,,,,,,,,,,,,,,,,,,,
,,,,,,,,,,,,,,,,,,,,
,,,,,,,,,,,,,,,,,,,,
,,,,,,,,,,,,,,,,,,,,
,,,,,,,,,,,,,,,,,,,,
,,,,,,,,,,,,,,,,,,,,
,,,,,,,,,,,,,,,,,,,,
,,,,,,,,,,,,,,,,,,,,
,,,,,,,,,,,,,,,,,,,,
,,,,,,,,,,,,,,,,,,,,
,,,,,,,,,,,,,,,,,,,,
,,,,,,,,,,,,,,,,,,,,
,,,,,,,,,,,,,,,,,,,,
,,,,,,,,,,,,,,,,,,,,
,,,,,,,,,,,,,,,,,,,,
,,,,,,,,,,,,,,,,,,,,
,,,,,,,,,,,,,,,,,,,,
,,,,,,,,,,,,,,,,,,,,
,,,,,,,,,,,,,,,,,,,,
,,,,,,,,,,,,,,,,,,,,
,,,,,,,,,,,,,,,,,,,,
,,,,,,,,,,,,,,,,,,,,
,,,,,,,,,,,,,,,,,,,,
,,,,,,,,,,,,,,,,,,,,
,,,,,,,,,,,,,,,,,,,,
,,,,,,,,,,,,,,,,,,,,
,,,,,,,,,,,,,,,,,,,,
,,,,,,,,,,,,,,,,,,,,
,,,,,,,,,,,,,,,,,,,,
,,,,,,,,,,,,,,,,,,,,
,,,,,,,,,,,,,,,,,,,,
,,,,,,,,,,,,,,,,,,,,
,,,,,,,,,,,,,,,,,,,,
,,,,,,,,,,,,,,,,,,,,
,,,,,,,,,,,,,,,,,,,,
,,,,,,,,,,,,,,,,,,,,
,,,,,,,,,,,,,,,,,,,,
,,,,,,,,,,,,,,,,,,,,
,,,,,,,,,,,,,,,,,,,,
,,,,,,,,,,,,,,,,,,,,
,,,,,,,,,,,,,,,,,,,,
,,,,,,,,,,,,,,,,,,,,
,,,,,,,,,,,,,,,,,,,,
,,,,,,,,,,,,,,,,,,,,
,,,,,,,,,,,,,,,,,,,,
,,,,,,,,,,,,,,,,,,,,
,,,,,,,,,,,,,,,,,,,,
,,,,,,,,,,,,,,,,,,,,
,,,,,,,,,,,,,,,,,,,,
,,,,,,,,,,,,,,,,,,,,
,,,,,,,,,,,,,,,,,,,,
,,,,,,,,,,,,,,,,,,,,
,,,,,,,,,,,,,,,,,,,,
,,,,,,,,,,,,,,,,,,,,
,,,,,,,,,,,,,,,,,,,,
,,,,,,,,,,,,,,,,,,,,
,,,,,,,,,,,,,,,,,,,,
,,,,,,,,,,,,,,,,,,,,
,,,,,,,,,,,,,,,,,,,,
,,,,,,,,,,,,,,,,,,,,
,,,,,,,,,,,,,,,,,,,,
,,,,,,,,,,,,,,,,,,,,
,,,,,,,,,,,,,,,,,,,,
,,,,,,,,,,,,,,,,,,,,
,,,,,,,,,,,,,,,,,,,,
,,,,,,,,,,,,,,,,,,,,
,,,,,,,,,,,,,,,,,,,,
,,,,,,,,,,,,,,,,,,,,
,,,,,,,,,,,,,,,,,,,,
,,,,,,,,,,,,,,,,,,,,
,,,,,,,,,,,,,,,,,,,,
,,,,,,,,,,,,,,,,,,,,
,,,,,,,,,,,,,,,,,,,,
,,,,,,,,,,,,,,,,,,,,
,,,,,,,,,,,,,,, Hydracarina, Hygrobatoidea, Unionicolidae, Unionicolinae,,
,,,,,,,,,,,,,,,,,,,,
,,,,,,,,,,,,,,,,,,,,
,,,,,,,,,,,,,,,,,,,,
,,,,,,,,,,,,,,,,,,,,
,,,,,,,,,,,,,,,,,,,,
,,,,,,,,,,,,,,,,,,,,
,,,,,,,,,,,,,,,,,,,,
,,,,,,,,,,,,,,,,,,,,
,,,,,,,,,,,,,,,,,,,,
,,,,,,,,,,,,,,,,,,,,
,,,,,,,,,,,,,,,,,,,,
,,,,,,,,,,,,,,,,,,,,
,,,,,,,,,,,,,,,,,,,,
,,,,,,,,,,,,,,,,,,,,
,,,,,,,,,,,,,,,,,,,,
,,,,,,,,,,,,,,,,,,,,
,,,,,,,,,,,,,,,,,,,,
,,,,,,,,,,,,,,,,,,,,
,,,,,,,,,,,,,,,,,,,,
,,,,,,,,,,,,,,,,,,,,
,,,,,,,,,,,,,,,,,,,,
,,,,,,,,,,,,,,,,,,,,
,,,,,,,,,,,,,,,,,,,,
,,,,,,,,,,,,,,,,,,,,
,,,,,,,,,,,,,,,,,,,,
,,,,,,,,,,,,,,,,,,,,
,,,,,,,,,,,,,,,,,,,,
,,,,,,,,,,,,,,,,,,,,
,,,,,,,,,,,,,,,,,,,,
,,,,,,,,,,,,,,,,,,,,
,,,,,,,,,,,,,,,,,,,,
,,,,,,,,,,,,,,,,,,,,
,,,,,,,,,,,,,,,,,,,,
,,,,,,,,,,,,,,,,,,,,
,,,,,,,,,,,,,,,,,,,,
,,,,,,,,,,,,,,,,,,,,
,,,,,,,,,,,,,,,,,,,,
,,,,,,,,,,,,,,,,,,,,
,,,,,,,,,,,,,,,,,,,,
,,,,,,,,,,,,,,,,,,,,
,,,,,,,,,,,,,,,,,,,,
,,,,,,,,,,,,,,,,,,,,
,,,,,,,,,,,,,,,,,,,,
,,,,,,,,,,,,,,,,,,,,
,,,,,,,,,,,,,,,,,,,,
,,,,,,,,,,,,,,,,,,,,
,,,,,,,,,,,,,,,,,,,,
,,,,,,,,,,,,,,,,,,,,
,,,,,,,,,,,,,,,,,,,,
,,,,,,,,,,,,,,,,,,,,
,,,,,,,,,,,,,,,,,,,,
,,,,,,,,,,,,,,,,,,,,
,,,,,,,,,,,,,,,,,,,,
,,,,,,,,,,,,,,,,,,,,
,,,,,,,,,,,,,,,,,,,,
,,,,,,,,,,,,,,,,,,,,
,,,,,,,,,,,,,,,,,,,,
,,,,,,,,,,,,,,,,,,,,
,,,,,,,,,,,,,,,,,,,,
,,,,,,,,,,,,,,,,,,,,
,,,,,,,,,,,,,,,,,,,,
,,,,,,,,,,,,,,,,,,,,
,,,,,,,,,,,,,,,,,,,,
,,,,,,,,,,,,,,,,,,,,
,,,,,,,,,,,,,,,,,,,,
,,,,,,,,,,,,,,,,,,,,
,,,,,,,,,,,,,,,,,,,,
,,,,,,,,,,,,,,,,,,,,
,,,,,,,,,,,,,,,,,,,,
,,,,,,,,,,,,,,,,,,,,
,,,,,,,,,,,,,,,,,,,,
,,,,,,,,,,,,,,,,,,,,
,,,,,,,,,,,,,,,,,,,,
,,,,,,,,,,,,,,,,,,,,
,,,,,,,,,,,,,,,,,,,,
,,,,,,,,,,,,,,,,,,,,
,,,,,,,,,,,,,,,,,,,,
,,,,,,,,,,,,,,,,,,,,
,,,,,,,,,,,,,,,,,,,,
,,,,,,,,,,,,,,,,,,,,
,,,,,,,,,,,,,,,,,,,,
,,,,,,,,,,,,,,,,,,,,
,,,,,,,,,,,,,,,,,,,,
,,,,,,,,,,,,,,,,,,,,
,,,,,,,,,,,,,,,,,,,,
,,,,,,,,,,,,,,,,,,,,
,,,,,,,,,,,,,,,,,,,,
,,,,,,,,,,,,,,,,,,,,
,,,,,,,,,,,,,,,,,,,,
,,,,,,,,,,,,,,,,,,,,
,,,,,,,,,,,,,,,,,,,,
,,,,,,,,,,,,,,,,,,,,
,,,,,,,,,,,,,,,,,,,,
,,,,,,,,,,,,,,,,,,,,
,,,,,,,,,,,,,,,,,,,,
,,,,,,,,,,,,,,,,,,,,
,,,,,,,,,,,,,,,,,,,,
,,,,,,,,,,,,,,,,,,,,
,,,,,,,,,,,,,,,,,,,,
,,,,,,,,,,,,,,,,,,,,
,,,,,,,,,,,,,,,,,,,,
,,,,,,,,,,,,,,,,,,,,
,,,,,,,,,,,,,,,,,,,,
,,,,,,,,,,,,,,,,,,,,
,,,,,,,,,,,,,,,,,,,,
,,,,,,,,,,,,,,,,,,,,
,,,,,,,,,,,,,,,,,,,,
,,,,,,,,,,,,,,,,,,,,
,,,,,,,,,,,,,,,,,,,,
,,,,,,,,,,,,,,,,,,,,
,,,,,,,,,,,,,,,,,,,,
,,,,,,,,,,,,,,,,,,,,
,,,,,,,,,,,,,,,,,,,,
,,,,,,,,,,,,,,,,,,,,
,,,,,,,,,,,,,,,,,,,,
,,,,,,,,,,,,,,,,,,,,
,,,,,,,,,,,,,,,,,,,,
,,,,,,,,,,,,,,,,,,,,
,,,,,,,,,,,,,,,,,,,,
,,,,,,,,,,,,,,,,,,,,
,,,,,,,,,,,,,,,,,,,,
,,,,,,,,,,,,,,,,,,,,
,,,,,,,,,,,,,,,,,,,,
,,,,,,,,,,,,,,,,,,,,
,,,,,,,,,,,,,,, Crotoniidae, Crotonia,,,,
,,,,,,,,,,,,,,,,,,,,
,,,,,,,,,,,,,,,,,,,,
,,,,,,,,,,,,,,,,,,,,
,,,,,,,,,,,,,,,,,,,,
,,,,,,,,,,,,,,,,,,,,
,,,,,,,,,,,,,,,,,,,,
,,,,,,,,,,,,,,,,,,,,
,,,,,,,,,,,,,,,,,,,,
,,,,,,,,,,,,,,,,,,,,
,,,,,,,,,,,,,,,,,,,,
,,,,,,,,,,,,,,,,,,,,
,,,,,,,,,,,,,,,,,,,,
,,,,,,,,,,,,,,,,,,,,
,,,,,,,,,,,,,,,,,,,,
,,,,,,,,,,,,,,,,,,,,
,,,,,,,,,,,,,,,,,,,,
,,,,,,,,,,,,,,,,,,,,
,,,,,,,,,,,,,,,,,,,,
,,,,,,,,,,,,,,,,,,,,
,,,,,,,,,,,,,,,,,,,,
,,,,,,,,,,,,,,, Ambleminae, Pleurobemini, Elliptio,,,
,,,,,,,,,,,,,,, Ambleminae,,,,,
,,,,,,,,,,,,,,, Leptoceroidea, Leptoceridae, Leptocerinae,,,
,,,,,,,,,,,,,,,,,,,,
,,,,,,,,,,,,,,,,,,,,
,,,,,,,,,,,,,,,,,,,,
,,,,,,,,,,,,,,,,,,,,
,,,,,,,,,,,,,,,,,,,,
,,,,,,,,,,,,,,,,,,,,
,,,,,,,,,,,,,,,,,,,,
,,,,,,,,,,,,,,,,,,,,
,,,,,,,,,,,,,,,,,,,,
,,,,,,,,,,,,,,,,,,,,
,,,,,,,,,,,,,,,,,,,,
,,,,,,,,,,,,,,,,,,,,
,,,,,,,,,,,,,,,,,,,,
,,,,,,,,,,,,,,,,,,,,
,,,,,,,,,,,,,,,,,,,,
,,,,,,,,,,,,,,,,,,,,
,,,,,,,,,,,,,,,,,,,,
,,,,,,,,,,,,,,,,,,,,
,,,,,,,,,,,,,,,,,,,,
,,,,,,,,,,,,,,,,,,,,
,,,,,,,,,,,,,,,,,,,,
,,,,,,,,,,,,,,,,,,,,
,,,,,,,,,,,,,,,,,,,,
,,,,,,,,,,,,,,,,,,,,
,,,,,,,,,,,,,,,,,,,,
,,,,,,,,,,,,,,,,,,,,
,,,,,,,,,,,,,,,,,,,,
,,,,,,,,,,,,,,,,,,,,
,,,,,,,,,,,,,,,,,,,,
,,,,,,,,,,,,,,,,,,,,
,,,,,,,,,,,,,,,,,,,,
,,,,,,,,,,,,,,,,,,,,
,,,,,,,,,,,,,,,,,,,,
,,,,,,,,,,,,,,,,,,,,
,,,,,,,,,,,,,,,,,,,,
,,,,,,,,,,,,,,,,,,,,
,,,,,,,,,,,,,,,,,,,,
,,,,,,,,,,,,,,,,,,,,
,,,,,,,,,,,,,,,,,,,,
,,,,,,,,,,,,,,,,,,,,
,,,,,,,,,,,,,,,,,,,,
,,,,,,,,,,,,,,,,,,,,
,,,,,,,,,,,,,,,,,,,,
,,,,,,,,,,,,,,,,,,,,
,,,,,,,,,,,,,,,,,,,,
,,,,,,,,,,,,,,, Limnephiloidea, Limnephilidae, Limnephilinae,,,
,,,,,,,,,,,,,,,,,,,,
,,,,,,,,,,,,,,,,,,,,
,,,,,,,,,,,,,,,,,,,,
,,,,,,,,,,,,,,,,,,,,
,,,,,,,,,,,,,,,,,,,,
,,,,,,,,,,,,,,,,,,,,
,,,,,,,,,,,,,,,,,,,,
,,,,,,,,,,,,,,,,,,,,
,,,,,,,,,,,,,,,,,,,,
,,,,,,,,,,,,,,,,,,,,
,,,,,,,,,,,,,,,,,,,,
,,,,,,,,,,,,,,,,,,,,
,,,,,,,,,,,,,,,,,,,,
,,,,,,,,,,,,,,,,,,,,
,,,,,,,,,,,,,,,,,,,,
,,,,,,,,,,,,,,,,,,,,
,,,,,,,,,,,,,,,,,,,,
,,,,,,,,,,,,,,, Cyrenoidea,,,,,
,,,,,,,,,,,,,,,,,,,,
,,,,,,,,,,,,,,, Crangonyctidira, Crangonyctoidea,,,,
,,,,,,,,,,,,,,,,,,,,
,,,,,,,,,,,,,,,,,,,,
,,,,,,,,,,,,,,,,,,,,
,,,,,,,,,,,,,,,,,,,,
,,,,,,,,,,,,,,,,,,,,
,,,,,,,,,,,,,,,,,,,,
,,,,,,,,,,,,,,,,,,,,
,,,,,,,,,,,,,,,,,,,,
,,,,,,,,,,,,,,,,,,,,
,,,,,,,,,,,,,,,,,,,,
,,,,,,,,,,,,,,,,,,,,
,,,,,,,,,,,,,,,,,,,,
,,,,,,,,,,,,,,,,,,,,
,,,,,,,,,,,,,,,,,,,,
,,,,,,,,,,,,,,,,,,,,
,,,,,,,,,,,,,,,,,,,,
,,,,,,,,,,,,,,,,,,,,
,,,,,,,,,,,,,,,,,,,,
,,,,,,,,,,,,,,,,,,,,
,,,,,,,,,,,,,,,,,,,,
,,,,,,,,,,,,,,,,,,,,
,,,,,,,,,,,,,,,,,,,,
,,,,,,,,,,,,,,,,,,,,
,,,,,,,,,,,,,,,,,,,,
,,,,,,,,,,,,,,,,,,,,
,,,,,,,,,,,,,,,,,,,,
,,,,,,,,,,,,,,,,,,,,
,,,,,,,,,,,,,,,,,,,,
,,,,,,,,,,,,,,,,,,,,
,,,,,,,,,,,,,,,,,,,,
,,,,,,,,,,,,,,,,,,,,
,,,,,,,,,,,,,,,,,,,,
,,,,,,,,,,,,,,,,,,,,
,,,,,,,,,,,,,,,,,,,,
,,,,,,,,,,,,,,,,,,,,
,,,,,,,,,,,,,,,,,,,,
,,,,,,,,,,,,,,,,,,,,
,,,,,,,,,,,,,,,,,,,,
,,,,,,,,,,,,,,,,,,,,
,,,,,,,,,,,,,,,,,,,,
,,,,,,,,,,,,,,,,,,,,
,,,,,,,,,,,,,,,,,,,,
,,,,,,,,,,,,,,,,,,,,
,,,,,,,,,,,,,,,,,,,,
,,,,,,,,,,,,,,,,,,,,
,,,,,,,,,,,,,,,,,,,,
,,,,,,,,,,,,,,,,,,,,
,,,,,,,,,,,,,,,,,,,,
,,,,,,,,,,,,,,, Cyrenoidea, Sphaeriidae, Sphaerium,,,
,,,,,,,,,,,,,,,,,,,,
,,,,,,,,,,,,,,,,,,,,
,,,,,,,,,,,,,,, Aphidoidea, Aphididae, Aphidini,,,
,,,,,,,,,,,,,,,,,,,,
,,,,,,,,,,,,,,,,,,,,
,,,,,,,,,,,,,,,,,,,,
,,,,,,,,,,,,,,,,,,,,
,,,,,,,,,,,,,,,,,,,,
,,,,,,,,,,,,,,,,,,,,
,,,,,,,,,,,,,,,,,,,,
,,,,,,,,,,,,,,,,,,,,
,,,,,,,,,,,,,,,,,,,,
,,,,,,,,,,,,,,,,,,,,
,,,,,,,,,,,,,,,,,,,,
,,,,,,,,,,,,,,,,,,,,
,,,,,,,,,,,,,,,,,,,,
,,,,,,,,,,,,,,,,,,,,
,,,,,,,,,,,,,,,,,,,,
,,,,,,,,,,,,,,,,,,,,
,,,,,,,,,,,,,,,,,,,,
,,,,,,,,,,,,,,,,,,,,
,,,,,,,,,,,,,,,,,,,,
,,,,,,,,,,,,,,,,,,,,
,,,,,,,,,,,,,,,,,,,,
,,,,,,,,,,,,,,,,,,,,
,,,,,,,,,,,,,,,,,,,,
,,,,,,,,,,,,,,,,,,,,
,,,,,,,,,,,,,,,,,,,,
,,,,,,,,,,,,,,,,,,,,
,,,,,,,,,,,,,,,,,,,,
,,,,,,,,,,,,,,,,,,,,
,,,,,,,,,,,,,,,,,,,,
,,,,,,,,,,,,,,,,,,,,
,,,,,,,,,,,,,,,,,,,,
,,,,,,,,,,,,,,,,,,,,
,,,,,,,,,,,,,,,,,,,,
,,,,,,,,,,,,,,,,,,,,
,,,,,,,,,,,,,,,,,,,,
,,,,,,,,,,,,,,,,,,,,
,,,,,,,,,,,,,,,,,,,,
,,,,,,,,,,,,,,,,,,,,
,,,,,,,,,,,,,,,,,,,,
,,,,,,,,,,,,,,,,,,,,
,,,,,,,,,,,,,,,,,,,,
,,,,,,,,,,,,,,,,,,,,
,,,,,,,,,,,,,,,,,,,,
,,,,,,,,,,,,,,,,,,,,
,,,,,,,,,,,,,,,,,,,,
,,,,,,,,,,,,,,,,,,,,
,,,,,,,,,,,,,,,,,,,,
,,,,,,,,,,,,,,,,,,,,
,,,,,,,,,,,,,,,,,,,,
,,,,,,,,,,,,,,,,,,,,
,,,,,,,,,,,,,,,,,,,,
,,,,,,,,,,,,,,,,,,,,
,,,,,,,,,,,,,,,,,,,,
,,,,,,,,,,,,,,,,,,,,
,,,,,,,,,,,,,,,,,,,,
,,,,,,,,,,,,,,,,,,,,
,,,,,,,,,,,,,,,,,,,,
,,,,,,,,,,,,,,,,,,,,
,,,,,,,,,,,,,,,,,,,,
,,,,,,,,,,,,,,,,,,,,
,,,,,,,,,,,,,,,,,,,,
,,,,,,,,,,,,,,,,,,,,
,,,,,,,,,,,,,,,,,,,,
,,,,,,,,,,,,,,,,,,,,
,,,,,,,,,,,,,,,,,,,,
,,,,,,,,,,,,,,,,,,,,
,,,,,,,,,,,,,,,,,,,,
,,,,,,,,,,,,,,,,,,,,
,,,,,,,,,,,,,,,,,,,,
,,,,,,,,,,,,,,,,,,,,
,,,,,,,,,,,,,,,,,,,,
,,,,,,,,,,,,,,,,,,,,
,,,,,,,,,,,,,,,,,,,,
,,,,,,,,,,,,,,,,,,,,
,,,,,,,,,,,,,,,,,,,,
,,,,,,,,,,,,,,,,,,,,
,,,,,,,,,,,,,,,,,,,,
,,,,,,,,,,,,,,,,,,,,
,,,,,,,,,,,,,,,,,,,,
,,,,,,,,,,,,,,,,,,,,
,,,,,,,,,,,,,,,,,,,,
,,,,,,,,,,,,,,,,,,,,
,,,,,,,,,,,,,,,,,,,,
,,,,,,,,,,,,,,,,,,,,
,,,,,,,,,,,,,,,,,,,,
,,,,,,,,,,,,,,,,,,,,
,,,,,,,,,,,,,,,,,,,,
,,,,,,,,,,,,,,,,,,,,
,,,,,,,,,,,,,,,,,,,,
,,,,,,,,,,,,,,,,,,,,
,,,,,,,,,,,,,,,,,,,,
,,,,,,,,,,,,,,,,,,,,
,,,,,,,,,,,,,,,,,,,,
,,,,,,,,,,,,,,,,,,,,
,,,,,,,,,,,,,,,,,,,,
,,,,,,,,,,,,,,,,,,,,
,,,,,,,,,,,,,,,,,,,,
,,,,,,,,,,,,,,,,,,,,
,,,,,,,,,,,,,,,,,,,,
,,,,,,,,,,,,,,,,,,,,
,,,,,,,,,,,,,,,,,,,,
,,,,,,,,,,,,,,,,,,,,
,,,,,,,,,,,,,,,,,,,,
,,,,,,,,,,,,,,,,,,,,
,,,,,,,,,,,,,,,,,,,,
,,,,,,,,,,,,,,,,,,,,
,,,,,,,,,,,,,,,,,,,,
,,,,,,,,,,,,,,,,,,,,
,,,,,,,,,,,,,,,,,,,,
,,,,,,,,,,,,,,,,,,,,
,,,,,,,,,,,,,,,,,,,,
,,,,,,,,,,,,,,,,,,,,
,,,,,,,,,,,,,,,,,,,,
,,,,,,,,,,,,,,,,,,,,
,,,,,,,,,,,,,,,,,,,,
,,,,,,,,,,,,,,,,,,,,
,,,,,,,,,,,,,,,,,,,,
,,,,,,,,,,,,,,,,,,,,
,,,,,,,,,,,,,,,,,,,,
,,,,,,,,,,,,,,,,,,,,
,,,,,,,,,,,,,,,,,,,,
,,,,,,,,,,,,,,,,,,,,
,,,,,,,,,,,,,,,,,,,,
,,,,,,,,,,,,,,, Ambleminae, Pleurobemini, Elliptio,,,
,,,,,,,,,,,,,,,,,,,,
,,,,,,,,,,,,,,,,,,,,
,,,,,,,,,,,,,,,,,,,,
,,,,,,,,,,,,,,,,,,,,
,,,,,,,,,,,,,,,,,,,,
,,,,,,,,,,,,,,,,,,,,
,,,,,,,,,,,,,,,,,,,,
,,,,,,,,,,,,,,,,,,,,
,,,,,,,,,,,,,,,,,,,,
,,,,,,,,,,,,,,,,,,,,
,,,,,,,,,,,,,,,,,,,,
,,,,,,,,,,,,,,,,,,,,
,,,,,,,,,,,,,,,,,,,,
,,,,,,,,,,,,,,,,,,,,
,,,,,,,,,,,,,,,,,,,,
,,,,,,,,,,,,,,,,,,,,
,,,,,,,,,,,,,,,,,,,,
,,,,,,,,,,,,,,,,,,,,
,,,,,,,,,,,,,,, Hydracarina, Arrenuroidea,,,,
,,,,,,,,,,,,,,,,,,,,
,,,,,,,,,,,,,,,,,,,,
,,,,,,,,,,,,,,,,,,,,
,,,,,,,,,,,,,,,,,,,,
,,,,,,,,,,,,,,,,,,,,
,,,,,,,,,,,,,,,,,,,,
,,,,,,,,,,,,,,,,,,,,
,,,,,,,,,,,,,,,,,,,,
,,,,,,,,,,,,,,,,,,,,
,,,,,,,,,,,,,,,,,,,,
,,,,,,,,,,,,,,,,,,,,
,,,,,,,,,,,,,,,,,,,,
,,,,,,,,,,,,,,,,,,,,
,,,,,,,,,,,,,,,,,,,,
,,,,,,,,,,,,,,,,,,,,
,,,,,,,,,,,,,,,,,,,,
,,,,,,,,,,,,,,,,,,,,
,,,,,,,,,,,,,,,,,,,,
,,,,,,,,,,,,,,,,,,,,
,,,,,,,,,,,,,,,,,,,,
,,,,,,,,,,,,,,,,,,,,
,,,,,,,,,,,,,,,,,,,,
,,,,,,,,,,,,,,,,,,,,
,,,,,,,,,,,,,,,,,,,,
,,,,,,,,,,,,,,,,,,,,
,,,,,,,,,,,,,,,,,,,,
,,,,,,,,,,,,,,,,,,,,
,,,,,,,,,,,,,,,,,,,,
,,,,,,,,,,,,,,,,,,,,
,,,,,,,,,,,,,,,,,,,,
,,,,,,,,,,,,,,,,,,,,
,,,,,,,,,,,,,,,,,,,,
,,,,,,,,,,,,,,,,,,,,
,,,,,,,,,,,,,,,,,,,,
,,,,,,,,,,,,,,,,,,,,
,,,,,,,,,,,,,,,,,,,,
,,,,,,,,,,,,,,,,,,,,
,,,,,,,,,,,,,,,,,,,,
,,,,,,,,,,,,,,,,,,,,
,,,,,,,,,,,,,,,,,,,,
,,,,,,,,,,,,,,,,,,,,
,,,,,,,,,,,,,,,,,,,,
,,,,,,,,,,,,,,,,,,,,
,,,,,,,,,,,,,,, Ambleminae,,,,,
