﻿allotus,todelete
3203e7f08fdb9e8c7101d327f937e14a,1c23bd4a15c8c9dddcb36ca0f8f6129b
b91ad34148d238e65d43de5392773498,3d30b4fef84107f18ca5456b160de124
b16f05fa2bbf3b5900e587efb38b60b7,55d334c6c57f53f4ca28095e994b632a
7091857447d55b24cc7bbcbee1186580,091d4eaf79b360ecb831c65f357b561d
31b6c38ff98efc7caa2943d59a597b1a,04622e5dcc0ba813743bdae75de079ee
e915521d9fdcff0bfaf8437728251da4,7850353309df10709570ae06c380b0d1
ce68498c261b657e98c14d676121613b,c49bb27ae0d810d5e2dbd41c3080efab
e78461d6e63b79802766664a3d5aac0a,1fefae84016507a62967c3b7a50c16ae
67ec2e9c7c60fc3c2bc5742ac0c9c8e2,2c60b7bda2df38508b4cad4d16ea5b2b
ab4f24f47fbb670517efc9b53ac9f384,6f9b4c0eff8711a8b88a15d3365dfab5
895319d4e39db34fff51344764e50af2,7f5489d11361b30506521adf2da8b784
5a28129043c9cf105acea51b24244c6a,8ad2cc6c6dfaf26a67addb44fdcf0b7b
54d8b8ea1a843cf09015bf434acb41bf,9d9b377ac4baff0180389d474ce4775f
74d676aaa3b57691ae950cf163605093,21ab1755e3f797c451b080133c49cadc
2a1281fb75e76bcbea3ba5b0079f9d4d,26dac5fe510d9e21ebb14f8568c7129f
e720a3b2a587528f6dbcb4f02928fbf8,31b6c38ff98efc7caa2943d59a597b1a
e66d0b36132939ddf1ae611c689c98e3,33cb922be19e89037b25ee8fbcf01b59
825e77b7d295c4b3e1b6980500a9ff37,45b4bb46cc254d11e451806dbed580db
307a094d7aa0b58cfc1eb057cb183a6a,54d8b8ea1a843cf09015bf434acb41bf
38dbd928d2e4b42d51d65343ebe9b55d,67ec2e9c7c60fc3c2bc5742ac0c9c8e2
fa3a548b3c494222b845cfa89fdc8478,70d4ac69438db37593ebdc14f36d562b
a495c576b5ed851cde451be1aba28e27,294f9a09f61432cd74f3f25aa0d87be9
47b576237c9d908bb79026a124fd57b7,518b0a973595bc6d774c54882af2b0f8
337403bb5167859c9ddb1e33b677c180,737a265d7507cbdd636691441318a040
dc9460910ac850f50e69de9366205183,776bf0403c53c914e1174fe642b4ce8c
c535445874eb0b0c91721c3b8bcdd2d2,825e77b7d295c4b3e1b6980500a9ff37
5f568f7d763ba817eb18c04a781e5c09,859dbb8f251ea723c596dd25eb4aa5ba
9ae019935b0e803419ba1509242f5a98,3203e7f08fdb9e8c7101d327f937e14a
cf3dd8f186227bdecefc64f76eea9e2f,7755d32d148ab0ff9486d0f1951469d9
2d787b9e0a0f6b042894f5caa5293761,9088eace218e7effe192073b32226b3f
997abbb44fd75ae74ddfc3f2624c88ab,73261ba29eb2d90e90e8d96998c1d5d8
7755d32d148ab0ff9486d0f1951469d9,7091857447d55b24cc7bbcbee1186580
da6952d5018a7c9995e1d7458d234ff5,09628225873496bd42473300bdf95669
1723ef83a0594a99a8b14b752d79cea1,b5cafa6d81c4c93a406930c40dd89b0f
08267b65b08bd96c60a2a0db11fb3d59,b16f05fa2bbf3b5900e587efb38b60b7
2ae6c30db8bd416faf62dda52925445f,b52fa4e343b030eda4d934fd15188644
0b5df850869e4cf2ccdba31f6cb40b9d,b91ad34148d238e65d43de5392773498
8d950c10d59f1190416ceb9e291a01d6,b44335e0f5c818b83ebe906696ae0a51
73261ba29eb2d90e90e8d96998c1d5d8,c6c914ee2838a15e08ae17fd9ff316cc
60f5287612b01e28d7c11b19c80ab0ec,c535445874eb0b0c91721c3b8bcdd2d2
8e8baa73e2631a76ae1c529174b9cd81,ce68498c261b657e98c14d676121613b
d1e02cdec826069229e9866623066cf6,d00fae2606d61fc02f1561b43cdfc545
b52fa4e343b030eda4d934fd15188644,d311bd28cbf0e359fdd1857f4b3fabbd
1e6f86b51967a213cf9d159a71fc563a,dbd9d87936733a78591e6b35509fc29e
f86d456fcd8242797c14a8e22d0aafd7,dc9460910ac850f50e69de9366205183
c335a28df72baf652b999f4173820d9c,e78461d6e63b79802766664a3d5aac0a
6e8362d96aa70d1d73b10de05fe5e02d,e915521d9fdcff0bfaf8437728251da4
4d9cca89d189437d0ea034dfb5ff3af1,ea349d2104d0a9ce84986af6baa1924d
341b518952c2973472b600bb004437bb,f9a8b194383d4a47d5ea0f6368498deb
37a301e51c20496cf20d3460bc98f455,f52c558fd60dfe566daca70b76696629
ff7929ccf4d3bc00e7e4ae5c36038a2b,f86d456fcd8242797c14a8e22d0aafd7
f9d1a689349c24ff6a2259ff31a4d874,129db535e37177a2d0dfb377344529ad
45b4bb46cc254d11e451806dbed580db,12594eaf60f91bc43aadc47b198c17c6
2955ca3cc58781bd81eceb733e520f8c,ff2cd417571e9347ed16dace6e2e285a
0e248d34f43fb5b3544d5307560b4554,0ee99be5ba3a6c17801d7c2e582c96b7
3c58a146d27e1127cc8ccf9acddc8e1e,
22e6700f45294a9ef776114103826173,
591d405997cc413539852063007e2984,
2a3cae0f39d15243530c2213a78a81bb,
14a7e4526ca0915454be519a6fb935ef,
b5cafa6d81c4c93a406930c40dd89b0f,
e8bcc0c83bce66370cd05b9cb9ad4787,
3d68aedb35274ec36df4ea1a3a7ad867,
e16ce5f464df1036dbb4b86ec1fa6c86,
8750767777648d4acf3e807603818d96,
1fefae84016507a62967c3b7a50c16ae,
24679bce2b7405838220ee4fc51b3866,
557488b94159a825d2244caf15d81d6a,
776bf0403c53c914e1174fe642b4ce8c,
a6ad1c499cea4f3238b324725d1a2477,
1f53edf6ef0eb9c4910a6b10e54501a3,
a12c1750a634c4de122cec5db2b5f2c5,
30d3c73402f81fa3ac0e0f6070fb6533,
c77b8dd4d008cfcdf5749705cb14b2cd,
7850353309df10709570ae06c380b0d1,
10b508e36fdfabb6da8e133273bb39b0,
470512be898547763bfe346769fa97d4,
4352ffbc6b554870b552f64da41f316b,
37a02f832e347d44508f57da4a7684e2,
97180c64b9df9ce6ce6c09c4b30cf4da,
5b92d026f1506a568ae40b039305df9e,
082e2359b215e1a5f2354ee2943c1f9d,
55c6dfedfcd5dc9acf19669d4c06869e,
45a1ec1f04d6af020580c229132c0851,
ca96e36c19f7d905651991b1a67b0bde,
bb35330a65f843280986a21e685fb7ac,
27a5f5f7a175efb6651644baa0ea44f2,
34e39085dc1a387b3812e04f11c15f74,
57edcdb8026253425c3100464bb501c6,
73fc5f3f04fab1b3cc6573e901e358ac,
c59472bf63bc6427eb8bd26aa8aa2171,
8ad2cc6c6dfaf26a67addb44fdcf0b7b,
3e956c6c152ea41958d36b7991e4a178,
f4717218ef766f97ec9cb4f934bf5765,
601bc6c58c94a0176dcad8c6d4a24463,
b42e91a36a4e1f1d2b924539e24b1572,
77f26676f980b5c12acdaf42af364450,
e3263e3133c7d693d686e6c2e9e4533d,
1b94f9655fd99061ecf7a427dc8e46b7,
cc7a7be6da1adacef75b9d68a43ec71f,
96a3cf60c4e8555aeefeec97333d66bd,
a298c96e5fdcda0badebfc0eede38683,
3367990848aaf22d95489ed4bda8c9af,
d513ba2786e331081718760186bb99de,
fe4d47c4f6373d2768f5cca6fa2feea1,
d66dbe90b0b0a741d592d3f10ef3483a,
010a1b92809146d73d901b277ebce237,
3ba2c53c5393773c2bd5517f65f128d0,
704b2731d4f2644623aaf2106b3c38a7,
d290ca99a77947d29e36fb66f0d43e86,
51355d95f439cad3a5b5312f01811e52,
dc983e10e87b3697a4b686d63646d105,
e63c23d7616f1169db88711607463558,
5f695bf94d77c1a98e4bcfcd3fcc1811,
4e611d71b5a7649f96403d8a6346b28f,
448a36ce3aa434d7e6e879559a76cfcd,
37da6a33dd00abbaa76a301ddcad4eb5,
6b76a86f27fb6513d0245a5d746eab6a,
0033452ef0c524edc7c932d2f3c4f588,
151b3f56e2cc0835b033fe78b741df92,
b70aca771059b18a310adf70387535cd,
a418d7a564219e3f7d0828b850722131,
f988e040c24a7ba995670e965a1655d8,
8b955b598cfda479ee32952601c0794f,
497db68bad91978c1123d4eaf89911cb,
f81f7e45fb19f0cf72868f4717bd9160,
518b0a973595bc6d774c54882af2b0f8,
59904f4ad9327d2a32825697bc0672c1,
dcff32e7c8db3c7226f204f62bf3273a,
c708f641d18cb761f5f15b3eb3b12157,
9881d0768d9be80d779b12763199dc65,
9f5ec72436ecd82d9923544d1f60b5a4,
4359574cf1da841b79245fda078d6cdc,
b4f5e19b82a64cfd8fc20a0c2fea6447,
737a265d7507cbdd636691441318a040,
13734e349188ed42389349d1cad17bc3,
b492fd1a233d2a45cbee644371d526be,
bf3e289bec78718f3b6abc61d3606bf0,
dcb6fde99679b93313f6d13091f9e6ef,
7f5489d11361b30506521adf2da8b784,
ef5a34ed8acad60fc97fac579161d33e,
1213a18d990cbb38e7b397550076c14a,
33cb922be19e89037b25ee8fbcf01b59,
f700f66769df2f3bd091d0a7544269ae,
af50fbb36bbd2b25a4f9e95b23a7b782,
7038b81a8bbb47381905234e13f5eed6,
b401d212f44780cf6a119fbc3f2bf93c,
12594eaf60f91bc43aadc47b198c17c6,
de00ea6dcb2a3d9d7cf1beae7022a81e,
f01df698df4869febebbe2a0d55feb33,
9d9b377ac4baff0180389d474ce4775f,
374ce28e424d24bab12854272dc59820,
48a5c4d6830577575a54c1b5ad223981,
ad458f5967b059b62506479da0b63afe,
ca7f9c73ec07d3b08afc3e679fe1f4fb,
1c849edd8b0a237d151e324e1719a0c7,
d6bd6e102b041c67e3b114c3c38f2f3e,
c6c914ee2838a15e08ae17fd9ff316cc,
6d87133f0237c38a96ea0df72e604532,
627980a669af6af0cbfabbc966b58bd6,
d311bd28cbf0e359fdd1857f4b3fabbd,
76516ce8df677ec716c782fb7ed4e89e,
9a1e756a3ab320ad782c14d09d5932e5,
1c9ab3daf97724914069e4b1be977f70,
b13cef74127b72b2217e7e2f9eccfde7,
2997cd3156def7c0754a66f981cb0b53,
241fc73e30d140b4e40a02624feefaf3,
c10049ec8b6a6fe2a7417fb8112b9e57,
21ab1755e3f797c451b080133c49cadc,
20d4875b8e333958512e9dff75c61e13,
65f9c4a8cbde1a95fa90647f770546e7,
589e904e2e826e08860056adf693022e,
1d3ddd7c06796895d2d8f06ae6e5fd84,
2ecc22ac9e1494f4e13352abd48c2d62,
9e6c559ef61befa6aeab2ce5acbcb5f0,
7f2a9f9989bc0ab946ad455bb5551a1b,
40866536aca40dff55536ecb7773ee9c,
decc9e36aaf180c3ca74474a74db771c,
f76e5028d81abf2d136010931d53b5c3,
ba50723a4f6345b217c0515484e8989f,
4f9c592872fd16f3ba4965448b3dc06f,
97c900e1dd33ed21ba7ca549b3fa79a3,
ea349d2104d0a9ce84986af6baa1924d,
77b2cf3003ca3033bd7d11fa43a53bc1,
8a0b0485e4fc44f8534a236adcea0269,
7489533cb65b3ceef6e56f46488ac432,
aad7d7ce9e407f6f06f1275ead291443,
f4735c2407af5a4b1bafbb8a9a2411f5,
b1764422be354f7ac3c794b306112bff,
7078f6b506f55e74a93b653b21a50101,
77d7df22ee34dbe084ccc4fe61af9e1b,
398eb5c9152964ebdfaeff2f05285cb1,
9d9d768d37f0fdeac16b07450b55482d,
cbedff1f0c8b88f3415bf1ff9f573622,
675a04a950a3671fd9a5aabf463c8ef5,
6eafa9c3cf9ab192858a3b180dd42f23,
37b41fa91777d790b50b2029b6c7ae66,
c929fb098a3be31c6e2bf19bd53bfd79,
e4116b3c71bc8f41b61c717a0e05bdd3,
f86e91b29d21a62ef35bacc7c4bdf3bc,
8326818fb1eea5db764196b86d2815ba,
a0094b55c236e15d64d70663c369d829,
aee7ab08a0219fa33979d559146c272f,
4a75bde009e561ace1f316fca239c7ab,
46e3754b832c3d947bf5fa07ca3cf734,
1d5fe04da7001e8d9588043051940469,
c162e7b06ba2836a6ed5cc1bf0d9acf9,
8434af22fe1dfd1e84a43c5b24418d9f,
a611aef0ccb4568b782ff65dc4b1c730,
0ba1a1f50c4335db8e92e2672753c793,
22cb0939cba6a994c3e1625895e2420d,
244c77506be87b16c7085f4b5c5e526b,
1a4d0872a6f05a0b97df7477a99daee7,
d00fae2606d61fc02f1561b43cdfc545,
9929402462aa160dcbf75ffec4520c96,
4caacb93ebdbd224c46158470c6aa5cb,
36bc8d4141d0cec82a77cc1b0477aada,
04682460928e925102d6e97449d70b34,
e9053d8d8dd6290525a3e78e38091695,
cc5747b9156b55aced7e5d286d553e4c,
47c6284fb4b335d63425eb05b3f79841,
44d1a9cb34b9a2db4259201c58c5deb2,
1a0cacad8f6440135ee7e8697b41ca40,
575b4cabeb20f04e1d86dada9e95706a,
dffe18e9fc1d15635749a797549de454,
91ef224cf300f8b95a24d5bb2d59d9cb,
6ebbc7b750a0fd4b7bc005a833377c1d,
1e07abfffee0a691d242b1cedf1c7f0b,
b7dfa48ea591019c6525d7476599bc1a,
1bc83b44f0807d3efb616b097a1eaefb,
b8d9c81954b9cc17d67bdc72c6ee328d,
ac0b4719edbab13ee59dc27c2b673b3d,
c00ec194f06f15c355bf79b9103df8f7,
ded7a02830897b00e2793d3e3a5ea624,
e7866cd3699242afd7fa45687ec25044,
4a2e19020aa9dfef157d35b1e3a385ec,
e3e244df8604020ef11cd973fe6e74ac,
7e4b6137e4a34a4f3dce73e24a1d0174,
afb56e672c5ab8243b568b839b8763e9,
ee7fc97d4b74d9934786a6eeea6131e7,
607f18696e195889ce5e5e21eb99d1bd,
0ec849ab1c1dc61d3ea16c0640bfc73a,
34211600cd476cd76c48e8753e13a734,
5bc5e6c40cfc9479e4ab302ec3a5cbf0,
2f8d13df71c57ebbdf130a30a56b5c81,
a2d185c26c3ba5ae75a46ebcc4ba9c6a,
859dbb8f251ea723c596dd25eb4aa5ba,
0ef048338eafa636f87739284d5e5185,
5af55cc832dbd2106ffa2befe387daa4,
8475aea24ecd409136b22849d0babecf,
38513983481d52795fef32d49e4f666e,
6e92e55132d925380da1174c2c04383a,
42a62465fef467849542ade7898eeab8,
896869476d83b82def68bbd77bae6396,
09176330891d322dbd33007229538c5a,
1d1be1ccc27811a5a753a9eb442d8f62,
641f0300835de46eb97616cdcff1f8bd,
7f6600e6b9827aa969f41ebc4cdb89cc,
17b4d51b82c2fa22c7426aa11580896c,
969b5b1b9aebb7eaa7f3ff3de377e00c,
702c66ec8fb58585a66c8998c7eb3724,
c89c0ea97b70d5a5351505793988fa72,
49c8356bce597fc95b02335020ee2dc0,
6b4ab13b089585f5d17285f6efc27ffd,
17425c37a14514942cc43378fa41bafa,
d029a8bf181d386e726dc4be9dc967c5,
27ced52f96a970522ebf5af30d27d3aa,
e1f60d9de3368697e004a7a6c2f222ee,
6930cece5bcfb3a9d2e17dd23e7b13b9,
90e63bf5520f83278fc4e7439a6b8adb,
f7a39b90ad234d3cf08564c6839f86ab,
47480842fd94d8e4bc5a9bd23d5920d8,
9acd6f9fc5654ab75c9c95ffd98addd4,
a52e045de01bd3d37e39fa67a846afce,
01a346a2e18df798170150f10424c380,
0e7caec5b0881d72cf16bca66e5213ac,
2f4bb217953bb8a4a4e3e347b255eb81,
a0f75d43105c0b9d48159aa9ba0c8e67,
b42c344511d5012e55ca63954e855f29,
9088eace218e7effe192073b32226b3f,
0919b69e76c4e484fde2ab5527f14e4e,
d4b4f9a6460146c1f1cbdfe815aa3159,
7e0a8ae02a912d304c8de5ab04ccc5b8,
05885af5caef76f18737aeb26d687c52,
fef4a2da35f76e24e084a342ea2b6cf3,
fb4881f396cb1477fc84ccbfcd984ca8,
a53cc34dd7020bd5d6c1d3cf8e0f9e80,
1984a62651fa0b5cbf27665f35a17ab8,
43079a1f710ce7f72a38663b898fcb78,
b3c52f43819416e87f61d40e742088de,
fcaffb738e0e825aba1f08e244788f90,
58fb08c0d83c54f950416385880a2247,
4fa3b4ac76c3653ada936a37e4ca2802,
0f6ca8488b9181eb485ad56a07ebdb42,
e88c33070f7bd5abb13ebc465559e5af,
1e88a6188bfba9513ce0e722ff8c5544,
8402752f323f322630ad30b5469b06c1,
4cce6550e8e9303d2d2cafce598630e9,
329f30fd7f69e08b1575c26df66d8726,
d0d7f6cb3b6c4d854d72501886707257,
a84db8935d567d42b178bcf0a691e0b2,
e6f3296f95e5794faa79b5dad24d1eea,
b44335e0f5c818b83ebe906696ae0a51,
3e021c21509ad1abcb53992c37201606,
7a55130be99dc2dc55e9ed809343e881,
e94335f7cc2ac87f3f4798ae2c0a82c6,
d352119e47797859cb34dbab396ac260,
3f438c5fd01b9028b7ea3784a8e06520,
728ded0e840672f9afe678ad54b32285,
39fb8f8aabdbc4aee0e63030906d2e49,
c660a2f57dfdd8ae44581822f0f2feca,
107fcef669afd5412324b0e4e1b40a32,
20f8fa66f50c3d0dfea107003dfd6801,
7ccdf9ab018c6e0a5de5412049d78a76,
daa6ecac05a88ffe46885bdf91dd0f7a,
7a8aea7887cd9fdd5e233cfb221a3d9c,
3ea4bd18fa3e5dea009f6924e677a1a9,
98d6f6107b0c5c7eb2e430f62ca58a5d,
5b2fc1981eee0ee13bde2fa7d3aaff8c,
ff4ccd966ab8d1b202c2df330d6e76d0,
3b3269c7877b825f4aa0d48c9b7d2582,
5f7b5badb6fdc6ccb5a45cd2c07be61e,
597427734daee2093b0cb07f9f34c18f,
bb7f52655d3552eabb6f74c13a17264e,
f8e8adb8df79bbd3e6118223b21ca9f9,
b1d84862a02f0e6f9ea0f4f368e8969b,
8f4b5ddbce1b25052565f89de9606985,
a275f85460b918c6812faf0f0b91023c,
d88f382ab256bb85560bdeab63808233,
7b4c51fcbf23352c9138817bc993873a,
50d58f2b1a1f00f5e968d80404383885,
058f1f11d68c403c68b4cd3fa15cc7a8,
1ff775faa35f791c4ad03bc5982b72ed,
9a2b1d9a3cc8cad384f52a4820636a26,
d0058cb79791749d53ea02d573ce311d,
047d8210c43f2a1d423b8c1a9ea8f451,
0c2722cdfadd55600cad6919b9e4454e,
c069b47ad3ae906a930adcc12c38b290,
93445600e820f85d187854b16c00c4b6,
5e297afbf2ba67435a2567b715ec99b0,
d1380180449e63cfc8cef67368c45795,
7840ae84d5c17df4e380a9c1c38d6650,
154ea848fe6d73f16f6594e4acac92f0,
f81fc44fb251c86b10afeb8442baa970,
67484fd95c4f656b25b049590791e9c9,
f6bb135a6835d55f964d0e690aa6456f,
055b45e98a0966319460ed2a646454d8,
0c0c8586256a1893c58f5b6dc744cc03,
05917bd5b36304896bc6698bc11d8d4d,
54fcdf4c2838cc5c290a675853ebc4fa,
83f34fd6491ba294a53081ee5e4f982c,
365d0ff10013495d3a517d3c6afc73f6,
d2c93bfd2517daa28f0378383b8c8685,
fbc002e9c817d1f638dd320de67c2d54,
c71a9ac2eefde9a1494e20cfcafde0b7,
98e30e08c9c7de200eb90920f1de3dfd,
3938a24ac8d045ed2eea6497aa8ec234,
f4894ff057ca9a9f87a02629b53f695d,
cd14839831c8ce86bf093a9f7f88fa22,
8764fdcc5954ce3451891d0cf1be4878,
1be8faa72815367845979768139ea46c,
26888599ec35dc96936502905bb238e8,
a95bdcfecce76c4ed447da01f93c1d86,
d43f8e945da73cdcc80faead6dad506a,
12b8fa49c8528492360d1fce5c132146,
fc4e89069c4a93044af46dcecf9edcc6,
c9b158e53d2de946368f27984ec6a1e6,
477f4d71444eedbf49000b700439ead2,
e6ab23ced9524dae940f2dd1c1c262fb,
3eea9a4105bbdb9f72b3ca99049e1251,
42dbff62cbe091ecb07702e15e62f5d2,
869828ed493fcb0eb0772301b8ea2c82,
04561408e33c944d6d5e796337215178,
ca824f3d47501889d5c2b0afae34d35c,
bac8328685e760ac65a609ee2154da97,
61cf1eae93063cf8f4b166eb4bee2e95,
0cb2de1d8779ee1ec4a2b0b2d66dece1,
0cdb5ee681a54313b73e13898ea9f31f,
162e830376d47937e19247af921b4ac4,
6a6f73af54c97109cfbf02dbafaa410e,
43f8388706c7ef04a33cf4585b38a963,
288027c280fc896bf0b0bc0fa02e017c,
801760b39451ec07aa16cd785aac288e,
fb103b62b2d983d4c2e40ecfffb0ee27,
81d26f1ce9322db4e2738e23655bb9a0,
6fa049726689c13285213c9a557b388a,
6b7f31aecf76316ee186db4da532481d,
69882c5f80b8f0bfca510992553166e7,
9ac5d2d3f329a9a7713500b6db5da39e,
b29350789b478dd553cf48b5b70dff6d,
2f01869908d06194ddfa48077f5e8019,
2132c8b160bcfb1589f7ca4f3ae3c6ca,
03ba24e4cff143e89fc342a528d839dc,
999f6cf810e5f2a6030e6f94957904f2,
5490394899f466324bfb4f364c72798c,
ef2b740eb4a57a78655a0781cb457636,
38a999ee6f28ee3f328596273dd0d658,
5d2ce60355024c6bb081d87a6bb8cf88,
1440959c3fb644c46fe065a1ed9f2d91,
a0d3a93c60be875be9189212741f3ff3,
fcfd732a4722dfaf58276c0ed7a9513e,
c9a3af95587c77f843b12ce7b81c69af,
a903b8413131abac4712d051efcf8a34,
5a8464e6fd568af759ea8fb98ccae8af,
5e2669976f398a6d017244dbbaf725bc,
23d0790e4a4608f6c60e8b128e47345b,
003a72e162d3a0a8d7c326418e66858b,
198e274990ccd8808fd8a35816f06ff0,
114efc99cfef76e8ea6194c0ca310708,
4392b9fe3dccba5d6221108a08973be7,
dbd9d87936733a78591e6b35509fc29e,
976c2e0c19cebe17c3a0b30c0421958b,
f999fdc56061a68a61ccf89dbc37b4c0,
994fd2af741ceb006e55326c43e0885e,
ef035ab3b865a55e39f5e47a30b0cea8,
d5af353cb3ed82a8af7f801735d1110b,
a8db81304773a920b60fe7dd5ca1f16c,
74bbd900bbbdf087f2b4168932c30949,
47bd10c4b2f55926517ec7ad5ef149bd,
b66d68e1431c445bcd07515a95da3df9,
48f993c8bd782a5bceea06eb05c671ee,
da4432f2420a52fc526dc5caa9f7495b,
d92462bbea8ec0538e44e6c91ad31f59,
3b009b199aa0179f5182329c28375847,
3c1f3ba5461997080fbb1d97d0e003cc,
5b4fbd650546f3105ebc3d3dc50eaaf2,
faedcc483f17c691764b447ed27771f6,
9e79f3db2a9c2c46c7c9399965b662c2,
0bb481f8a628dc8040da6b598a6da55d,
32dc730d9eb2e5db49616f3a04aa8612,
7871843f75efce95375b16d3e14578ee,
2b438625eef5256b55db0e9a0ffd79d4,
53ed386852cc4ec8e7b9afa730587ea6,
a3bb35d53dc6a7084580bef7bdfff4b5,
b79bd1f463c6010ca2bb290ff6debd3b,
03903808c76cf69a9ce19b512a0f9038,
dbfb2bc15400dbd489a16e5abddd79ab,
a5f5ed3447175bb56884526c4ce7c2ab,
a5515fdce04db76efafbf346a9fffebb,
df0a2f956214dccc4a90ff90610c664d,
74f54120f9a63b9707edd9d114518b69,
b820f2aa0ecf6413cefb8063db996a63,
9ef38bdaa1e18c756ac7a030aa5f6623,
e2d2a7ad30a9fa4b44fa0529f9baf0d6,
6f85b9308254e751e8bc5b44664f6f06,
47f9b89f471a319b154de90e61fd3ebe,
4de430a9b2a0186a95ad47975c576e70,
88224369461e22165c6a4a20efb95248,
ebbfcb6db63d498a0479eaea9cba9970,
6b9573cd5e0dda03b94ed32cbe2ff2ec,
7f9265976a69832e5e1efcf0020898d8,
62fb47a7bd14f1daaf923d35acf39113,
65d3903415a99be036ec3b28f0ab6819,
f573c95db1d63d252c162e9bf687309f,
057d325925d26cb35633d274f9cf081d,
a584a55de734bf5d388b2f1de5142b58,
3f31d6db570f0468315edae0362771db,
42be5274ef6c999d1b551e9d4becba07,
8e568ec1ee74d54943af84d3d94c126e,
f4f8d47898af496803a6476a254b6c55,
778585ab7b3e050269768dc8539ca3f8,
dbaa13959de55877d365fc713e0ec417,
dc3c3275663683e32a84a67bc92d8db1,
bd6d5eac885b67f4d910feb5570629e6,
28fcb3cfe12c43221005aedb8cf352b2,
7ea157e4d7411084bbcec52cdfc25506,
b219949f2f62ba38873b22413f7b8a03,
b0017fba8d137764adf80c52ee7f6b4d,
2e244cef9f558d3b545fe14132722ea4,
518bb570e552611868366334dd82be8e,
c7da0d1ed68801f858529cc31c95b4e4,
343890b9564ae28206657f928eb4596f,
fef3fdad0662cf4e3e569f93bef70ff7,
6ce31daecd11740e8d521e980ea1633e,
d21b6fee59c35ac971ebbb96d67dd3c6,
f636c946fd890fdb637db41f2921b3f6,
5c068f8469cd9d4df15ff8ff00ab099f,
2ff455304d57b2732dc96ac7c619d977,
afd4d3b766808e7372c537988fc6b819,
e8798920c4788cef14ca5aefb3a56469,
fe522f57977b53f5cdfe8654f8c33748,
f71678fb9006a0a08dc1cef1b90939f2,
a6587aa76526609bcd3b6feecc1d061e,
ff838bedf35133a701c5d0be565e7c4f,
f9ad206a512ee8bcdf0d3e164435e636,
4e46f93b4a495a1379b4eb7713f115d3,
2c60b7bda2df38508b4cad4d16ea5b2b,
33463cf2e3700d22b481783496921bc5,
7cf4c9469ad12ef4d12dcb2aa75986d2,
285adbc58108a550cd04c214c490c6f7,
5b0131c1437290214173d380d2518632,
1f3f8d174fa2280a84d9cc43a9994b8b,
e4775237963ba1fb223dfbab9d91fea0,
cb31746ece4bab72957438d37ae61f0f,
4ba921c7567afefd65d4143c12cb240e,
372e6ce9e9411e4f6424eb76e9d3a880,
1ee1ddb6aaa001a7897ef85a29db3cc4,
bdadcd2edc6c2bd59650408343436a3b,
f702f716ba266a27da478c5e368046d7,
0f4dd2f5f1ab3362e70d52bfa3e6fb59,
8a81e72f83b1b2abe5f867f25de1266d,
fe2817dfc0299eab131ff82138ded36e,
6f76282bb85f73fe79b2e1d636a3ca05,
a63850e52c0022db9c6b238166f40ff9,
326a83fde9e313563b80b4c1c35b719f,
1eea2a6ebebcd672c5735371d69b90db,
400d4eaa45a437a46316511e97719e18,
841c534d7522618dc47b3e1390dfa997,
eb650418db6fd2fd6165d64c79b1da28,
6360e048107a028cd3c2b6823a9c1c4f,
3ee13f3a5b977d90ebde2adb7325919e,
bded6546155266f167421942ff1db1cc,
5935345d55200a769a935a1a72617d4e,
45cbae0e289ea1d9aceb047b1b7818ed,
68caf5fa517aae98f83c28d4452fe23b,
094be3dc5f51145da10190bf9ccceb52,
9e264ff525d25ae25f9fe950db854835,
7561f097035397e6133b27342d6d57fe,
7d52a03f7480df12c9fbd2aa31a0af86,
70a76c84c047c46c6bdd99ca1017fdda,
43ea0bd5967c22ab7c9e138b4ab7f89e,
b221780fc7a228ff7f5f2d6903a82288,
e84f9398843a57c86460db1e4c2e8526,
3f3d7ab79fde4b371d678a48c9aed067,
aad6b2b3c1fcbd85fc67d23769a13176,
88ddd40cfd27104a162842389cbcf6d4,
6f3b6c6f514ec1e4ed95a867bedd7168,
e36a4c02b552486fc851b1e4b9759f41,
aa3f36ea726d3c8f7c6e2d5f2260360f,
e27bd485c69d11ed041a74bb69e27824,
3b4049f0c6971b8729f49c2748bc02a6,
df05e23fbb159e3be600c836f2046ce5,
892ec75ad09fecef577cf1e8907cf82b,
83e42ac1fc4062c019d2ed81744aea2b,
66c5d2c04bc4e4f177b494ce98246166,
c24dc068e6f89af22e1fb88fc449e666,
f5e54d1c2100fe45095fe2f8d8cb4871,
f5fda381893ddd63a1bff5b60774535d,
e58f3c782dda46f232a9fbfbf7421ac8,
f94cef73318f464c2def9fb854d4f626,
a17737e5b5a8274889fa8d96882b0e06,
cbc960b3ea0a8f47000932a102cbc234,
788b22f1ab7ee877264fba189f352b9b,
c8b8a3558187c82aa198abc51f5088fe,
5437d5ca3a54106acfe74c3049122aa6,
18c9ec669500b4ca7aaab13e37439797,
eb4acdd0295a5535c4fc99ad6c2a87d7,
bbbecd9de31a0b34787924fc25b9f598,
cd12ad278e2ee278f649d24962be9c34,
aee6c89360489b87416957fc87de4374,
6b92baa05ab7f27535cca2592fe80846,
6c41055f7bd1e35fa9f5e910c25a7b33,
450c06c773168ef5564c26d994d5edab,
41f7d55c783e102264d543e1f81de996,
fb591082792e40d71f2b4f9d268c4eab,
1635a16d8be69231bdba29cf59de65ed,
317dfa9e52e7d02b179e8d4e8a3399ff,
067c2415737db82fa87ee37e0c44ebeb,
d9c7622d865e697ea49e51ec15eefce0,
f77b750fcfeb7e5a1f64d44a94a4f822,
0a9f50bf0179a85d68fb33af45f003f4,
14344f4c956ba7e3ba385da4b2370aee,
2a5c82be845fa03703678f249e911f68,
5ae8ecec338f6fafad5efb1e659e5758,
397347a9d2a64398305a7895949c75a1,
e397d143f0d5b08afb6ab3296f0ce7d0,
2b854017caaaab0f0cd1818d0bf17cad,
c513c0922de110bc48f5b297214e5a74,
f3ac67a3bdc6e228320840a419341547,
35656ebc37f617d9b0c145ced0e13fa3,
7b03603509aa791dcce2a768f1b6db91,
8c1dd2401ed3e0c00c3e2e41005e3f96,
a9ee8582f4f39f12296404db71a3823b,
657c460506ab708d49f26342f76b12c5,
5f5823f56ac58e489745cd7851652ce8,
23f419e3bd5ea16e91553794e291734d,
8f6f96a3fa1763d03c97842e57ad66dc,
6fc147646093dc3b4daf9fd101231540,
921ae3e1dfa21d18b6c3c84d3e5cb92e,
3d35e293880f7527495b0fc74f555a34,
28708f55975aaf41c8ecf7e9e70ec19b,
c49a647d399edf5bd15998adba67c6e4,
59755d73488134e8f67834e29eb9100e,
0da5421ac3e86b7e6992a02901066947,
5856c82a221f33b9bf6c71e189d97304,
35cce11e03ec0ae0c509b2a6b4d18904,
62cee792d3baa52238ec611009e0952c,
730e9bac8bef1987eda63d7c8d72c473,
7e2db917bfdd69253246616583e20f02,
2d7df44c90e0ac2f019259acad7f5297,
4f8613ea4408b1e4741b3026c8b12814,
31f0e2f8ae478dd2b5d8fe305bfe9242,
16d4c9b1c036d8500439642ecaac0147,
5f5f26c6c1c69a2680ffa9dabf9294d8,
5037550308576a8c308e501ad932d49f,
80509db1130160eff4d4998d7eae0054,
dec648c50676d36cfd7f1a985190e025,
1e3e57eb86cd75678cbae662f2529fd2,
881d1d4e44ecd777fbb791bbdcb8d3e5,
63387b8fe99927ae3599ebc1a54fea6a,
2136704d17267344fbbca383a0e73c30,
144a43e95f4a24c4e1a0e4ef990fa4c3,
37373c5477b63503e6b0d474efddef47,
a7b69f5f3e9ceca90fd49a91af2c33fd,
a737e7a8573b651ff4908aa105537a4f,
96b5a20c4e32a9b861d69f148d34788a,
ecaddebba2d9cd80bb5fd58dfb13a36f,
2b84a71e1a93d0df1830e53ac5f6372f,
3dbbd9b583911a14ef58d4dbd29a9409,
8c30a6fffa430e4d9532a8975074a130,
fffd48b0501484f0a7e7edba777f6fa7,
748c94de679ae1bcd08f649b819f8b99,
f72c25eb283a18e615f6fc5312c14ef8,
394fdbec210818c21f095e2828e871ee,
7c28c84b641c21c9bb939d6618912a32,
b205e65953bfdf2dbd378af527d02949,
7788406621f77150366a39e53d552f6e,
fb2d09923a483d8c15fe66e659028689,
a46a7248305a2afff75a00166df54a69,
c19ee2fd54be89c73b2b7135743d80da,
9e5d1ff691af2d58045a643e779a09a1,
cba37e0b9649197dce1a6205bc80a8e3,
7a33af5b5c321c15c55e76420de06ce5,
7038fb1ab230f9d306675c2b8b3f60d7,
b8a64f543ffd94d878b880634207425e,
b208917a6df410d9362fb69271e8658d,
c43f45405dfd2cc890e852a7502cdf9b,
3d25b25f437874f17e905b88a47de412,
53b8231ea9e3d8372e03a193c8b99b29,
6f240d3e220948dbaf91ab7b2b7cc15b,
4a8e7d7fbd43a0eacd6208e4bb74d5e2,
88eee6219c7a4c3c8e6f3db7bb899054,
fab49437b8bf0154de60519924b70dc9,
3510aac53f0a9df8eefc4683d69ab499,
82b6a49fe03cacddb2f9291af883c68b,
ae33a503390f1cfb6d6af0a3bd61a835,
131ffe4ee52120bdb536945e5777ec1f,
5a31ba18861010ced8c676c72726992a,
0798de2c64d4bf3f888de3a582c624f9,
74b64752670b998251d982ff17877a89,
9424a2251f7ca29698d8f5fb3ab801b0,
35fd93adb8078eaa29ff5dfd878257d2,
ba5795bdac48b427c5ba293ce6bb2716,
ff1e8e047651410a64080c9347b0418e,
0258b541d2039f2a36b034d289921b20,
5b2672cfad38dbb81e1f0364384e2731,
1913ffe1f1f351e381d282c1ab545849,
c68e4912db00818a122044d193fbe706,
75e261488b6afe11a372c970a9f85609,
f2acd4d94b2709a9a220aa7d54a93ea3,
d7208a9b005cd13bd21d0cb48130f39f,
525773be6e665474299c058951f8c40e,
b3e5a7f9a0fc30b54849c3198f1042c2,
cecb61bb1bfbd210ed78148cd1b447f1,
afcb7e52d5a365a2e36165ce207dd981,
e1ee4aaeda379c910e3f45dd9d2d14d7,
1c23bd4a15c8c9dddcb36ca0f8f6129b,
3398bc8734a42643a5be34d1a6745d00,
f7a44022e36f565ab5056a53f4189a5a,
4d422c63b31f0c67c3a097d7d26b12a1,
f79cd37c30c6874d127d893d2c5dbe95,
b5a02a2417f46891bd5dd55435ac72a5,
c535f37c444baa1a4e11b54de44892be,
7f31ad44d856f8f175986e1244f1bc3b,
402b8c14339f38e609503371f94af59c,
2f523e8154ec28aa7d4ae8f09f0684eb,
304ef3694e8d4815b38c7dc6e48b9931,
b93b64e52de35c17aff7897fc8d8a589,
60ec27f63953dae131510dcd8b39cad4,
3bbfefa9d7dd2abd2cec2a64d1dfd276,
2a1a91c5f8b76f5e2ccf123a8b943241,
8c95e9f2508d1c2ad70d4bb338621827,
3eea460e702179d23d60b3a21d76f440,
170eaf01f7c86840181960f34b9e4c3b,
d218fbb02f13129108a709a666a67c83,
6d0115fa9ff3db260c8741c642e62e63,
202bc64139687fce76520e50c1d23188,
60a4961d6f0d5aec4de4682ed12f33ed,
f115a0226b6ae0e8c3570533822a7ae2,
7c9f33721c7a153e560c0e406d6a60ae,
3ff070c5f54ce5f41ca0c3d1f2bc7f21,
888c0b06a7e1fdb9b55775c5aee87b3f,
3afb6f5c4131c3fb089e7d74fe238150,
8f5faaf7115b683e81207b203f825704,
301aa36be87c0ed04b723df717c9576c,
797a40268a4f4a1df6fe4e0433b0280a,
f8a3018ab1f11deb3e719879042e48ad,
175ae60bcff3de982581ce1f896da567,
395b600ed693df71d0253483b1bd8783,
4171a5dc5f214ca753e2f5aa0c2986c6,
46fd6aa9d2a2db245504e3035e4c8ea3,
391aa5607be8448211cdc6597da8e3c9,
1e1825c38ede9c47ef6565b8812be141,
d52ce4f14a6df428419689511a115cc2,
8f5260415a10afd4d65eaa380ba53c32,
6460cd2328bd4e4a5a1c2c3aaf0611ca,
04ffb48470196c00a4ae4aeebd8dfc7b,
5957e2c19e0c314e2047a0cab01ee763,
2a72f08d3195401a284ebe3987aa424b,
26f497914fb01f7338974e350c4bbaa0,
c8551dcf0f6e652df5f8d392d8d1de38,
38b9e25dc960c029dbd215d898532655,
5b9a744799959269809f1318a60be330,
2593fc7f7a0b248afb4e7c2d3bd458a3,
96f9c90f05d2e725a0eff65d9b09e2c9,
2317adc0c7c6671f2bb2840dac7827e9,
52cd060688ab7b1bf256c75c588066e6,
31236bb50bf637dcdb1bc864f309f560,
ecbfb8427a4c7b6ba45c5e4d4680d243,
a3ab847f6f37b35b8d30c551c2a85a22,
b42ffb0624c088d852fa60c0941bb8fb,
a6b709336df085407207b427f92b224b,
7ea79f56ed58eb2687ebae1b98943f66,
33c4c385f23b91334a17f036acaa4859,
aa80af32992503cc4ad671b9bd361ac9,
7722a3d6c2607676c77a94063e0a6f6d,
30b14e77b4924edc6143e56b2bd22260,
c7f54a84f4cb73712a092bc2cd6120c4,
aa998e01c4ba591c509e5dd9c09f1a2d,
ed3bed70a8d679462658b134619927ce,
181a8184703f3e512f1c34efde3d7519,
7b51875f92cd85bafba2519b33c84b9c,
72914207e6e2a6f3790222b346984132,
cc68d0ceb1bd993d56358bb2c76c94e5,
b9ab82ac10533deee3028c20d6eef9d2,
939045ca0b14dc6c7285b3eabb938e2a,
068ad89e43cbe36f0a93d448218a8a78,
cee157733b07802a202b27efc76feed5,
162d7b97e941802a943afbc30eba8577,
a2dc9d5bc980c855df969ac65bca95c8,
b5d67143fdb34083d33658aaa106748b,
7471c311f2866182e7e6cb1877cfe427,
adad768418f4247646c30f9f16f51220,
c31093bbbab0f64587f57e35ddb4fe5e,
d78d27178e44853a5cc39084d5f40c8b,
9856caad8add37909d66b35464511bd7,
9b1284ab5d4e9313f327c358551e18d2,
dceebe1e97822839a3a9bf5af14875b9,
9206525586a200eeed21befa377a478c,
7309204fb8d7491d2d6247cd4de4dc8b,
a77cf7022db7500f87decd29db4aee92,
12ae8b5bd817535b7bbbc2e936718787,
f6e95d9f9e81639d35f82c0513295d13,
076906afe8ccc52d675fe8696c1742fe,
73dc25d4b37c09d2e3b302370ba3ba5c,
beb3cddbdf020953493a044047374717,
a318b0074851bfcbbb6ae2f88e88718c,
9872dcd589e12f27a69b89fcf63af217,
2e7daf9e0c4b03e9b627364f5fb512ea,
af49bf43f0c613c08cb77931fa1971e4,
a5001011c174e1b65b393369406d2fd7,
103f294ca6e9cf7feef1aa6977795f20,
d6f4c3eda56631e6c03f476e8f6afeb1,
dbaaaefbff7d91f154e53e40b10a3a09,
16bd719fb049f1cbd76c6c4f4b59f5fd,
7c9a6a794e162cc042fee0c29e07ffa0,
a671999b1491750326cb181f5ccaa303,
57582047a0c02bbd8a731d90d71491b9,
6e3255009ff4a284302d35954d16d82c,
59ac53ffa503f417bc504cf436b6bb52,
398176d629b0c4b113ddf8a76c8a3aa6,
a749353b1171fe70dff256990a81fc7a,
e50354f70a094cfffd457aadf85583b3,
810d31910306bc4001d3459d3d43317a,
657a704c35e67d4e541ce445ae38f344,
a6da6dfa2075279e0bdf81350c01dbe4,
a167e54b5408646cd5a7ad7caf3bc4a7,
dd8a1347d76be5e7cd80e58838d76cff,
e417ae7921973befea8ccba6e9603da1,
5af7f7166e70f5f7da8e5e405eb5c4c4,
2c9c3de4ab7d9e9b7d8db65e0f3d72a2,
fec8224c80af05d15f1f8ed7a6fca9a7,
c7858154eae6e82e2f7b06f8ea71d58c,
34b10c97771b19137025ece616c1180c,
8e1cb81e5a39f78d050e0135dccb0476,
69c8282bf9cf6db68dd5abfb5869a2b4,
f819c96c200272089a96cc882471ad3f,
abd6295fe566ca8af97f1fab758fe8a5,
19221362de3d8254f76b07dcad85688b,
f6f805ac0ae76a71c987058e42b80d63,
f7a5bd3b73ef99e89a6e9f4ebc7b2963,
c03f928e94086a2a3868b5e3f34c968d,
306576393e37981a0846007f7756a800,
7f9b7270616e7567a29565c3fd043581,
105ed7dd60ad6c801c43f9c993150375,
6bdea7f2f8caf74da0e02e4a1ecdc8fd,
6607bdb74ab57bc495be437c837b4c16,
a696973e5e0dc3f5ded4f87a289b0869,
1c54dba9f408b7ad3783d00ff951adb4,
b10f312e7c16ebb1835125c923457bc4,
c49bb27ae0d810d5e2dbd41c3080efab,
03a01ebbbc6b640c6b9271b7fa4afc41,
160e8cc2a75e615eec93a9f289190135,
aa6669c10f2e9d72083d4c0d7c69bc2c,
463e825f34962116b9cb4b608df2f1cd,
239c281f6c25f52411c2233435c1cacf,
9b1fe957316a30c76c860a7c194c2e50,
4ee11173d5a311351ab9b6067b08f5c4,
e905fa8513c140cc417914939e815d22,
1ffc53a824ece2dabae6512cddc1b502,
6a437b855baa88559cf99cb2c418be7f,
6f9b4c0eff8711a8b88a15d3365dfab5,
09628225873496bd42473300bdf95669,
87cb18e4fed4374dc48d7c1c5c69cc9c,
2bc75380a33dae09fb98e240625d13b6,
a2b409830ca6c1806c6cbcd20a137184,
30bba24c071fa737977e4f4035e842dd,
b77e0fd4c6ab556991ca24988aaf05d4,
bcbdef500bcb0a23e326cad9d3d7fe9f,
3420ed8cd550b125857f238e9b840a90,
a1b8eda98021309be17fda27ef830f7a,
1639d6c4dfc909e5ada170727abbe964,
be24bc3658839984d4bec0770d4b57a1,
c2100b2f557c5091707dfbc67f274fdf,
bdd4aff77e010675bfdcef5ca8069579,
cd4a98fffef94d9e4d1f940f41c54ef1,
e26297b015206d3142b979e3e8969b29,
c8bca908f116dd96f673086dfceb20a3,
f7f1b05c7da6b7ca868008f3d922a7fd,
39c625c0fa950bc73c17c490d67275c7,
0a89cab7ae0c08d81edfe12b58e0c29b,
cca53959ce3d1c16529167ec186d9651,
72825b4d6952a1ef539f6b43209e2a0c,
26dac5fe510d9e21ebb14f8568c7129f,
62ed12639ad1f80d9a564a4760b5e750,
1b834dbee6a357a4737d1448aeb89d26,
f12efb273679c69f9fb94ebc84bdead1,
f5c60fd023550bbd1b3e81b9426934aa,
27cbddc03111b27f445787e9a8768169,
b9b9ea30c99216e66e838028b1ea0d4f,
925139373eb5a95803c1fa9a3bc0783b,
d1839f7661c5ace0f52ed2ff66600278,
f8c6f2056993db6c0de4086013061f10,
8ec27557eac4d692dc6e487fabb75289,
8f78ea6c9072374c89f5eef45731b382,
44516c1531354f4cbf2b2f74b328b2e5,
c52f84ad91f7b78ff2b382487e7eb3ae,
7e47f02e2147fb57c85c58942c16cd0e,
d521887b4eb5ab55b74f9459410b2bd5,
8d3eb7113cf07f6491c96d548e9dcf18,
55d334c6c57f53f4ca28095e994b632a,
4dd4b12cef0dcab2ca48235ccea7b207,
8c2db909a581fc5d747e569c77e99ddc,
adb52710cfc9eac21dcfc1f558a88251,
7f7a06d6052526d514dbe757b2a1f3a3,
d783ab298335fc5c027d2bac76a37a52,
be5e9ba276730ba446989f8963263c68,
cf15cef84990a5f239405cdd17acde7c,
57da44c7bbb365a9cbfff0cd625e07fd,
3badc6274286c6afb42024e45fb6d175,
489e271c15c4aaa38883651df68d282b,
64b37fa8ba8171edaf9dd532e141d237,
c03fda0bdd5d12885f5a5b721210d5c1,
db845c8b9afbcfd1e69e93a732762b05,
184a975643cc495f17ced7aa4cb76c51,
2b74c58199ed25adb1173d277b8c621c,
9dcd2271393efcc4e917ce2c5c5fe3f0,
e627341f72134418e572bc6cf961bcf8,
3d14ab11237776acc0e38036909b2450,
dc1b31851e2e2b97d24bef7caf8d2685,
55ca6ab3245afb34b64b8a5a72b1077c,
579e5f60777c797a74defa9e80df8041,
b8afefe849dedc729ead3cfc896b0735,
2cabf3a18593856f422a3ca92e046df2,
7e2b2030c7dddb4bcdb9b4d6d852f769,
8fc9c34440137b8f56709f54ffb81973,
4f49e655103cbbbd56638c45456abc97,
b22a0cacd228cb5a6e8483d39291975b,
2e204d5da424f1173fbfbad2dbafcea2,
7076cc56b154f769fa4929565420bb3b,
405cfa388d3f933f6f9f385cca2b9eef,
26288efb05613dfbe7e2b4d8d5cc5b9f,
9839c7e968a0240c7a273e136a289c66,
641cb6c64713d4cd51e90530b5ec8c74,
c6432dd5b279917d5f9abf38e71e0414,
d72b63426317dfac8c87661578a97c75,
715e09e0180b1a6e70aec0b417d24248,
017a03ccef7fd52003b141fa83bd7a1d,
2513c3487356b65191539134a0f7b682,
927be276742a2c980cfe7a02e12200d6,
8e5f8ce2f5d0546af34eee0fe382e6fe,
1d48cca1a39eb7552ef1864f8c6fd3c4,
6a4a22ecc7d9a8459d384d620eded3e2,
b6ba9cf6ab513c3052ad78b466b50386,
28bd4e53af8c7f45142cf0edd7dcd596,
c05fe7bf9d53b6da2aebc12d12665291,
a869e911fccc07c5c4f0ff6e77f63900,
4a7476888b9f4069814732c99c2e08e1,
76da8a7ffc2d9985d234be9c0639e15d,
58e0e76ba75abd7f478543e1dc96ee29,
8b949fc28e15bb9236e54af8dd0e398a,
085c5c9cbb86aaa95fbe36a588805385,
43bb3ed47081ee49383cae6e76c91f6c,
f72e229694022ef595b5aee3a586a045,
9d3917ed5ab8c7d318cf2a4bccffbf94,
369e4577a73b2565165255a2c081391e,
da68dccc51ef3c16f156d45c1e8aef4f,
bb1c106caf03c52436b2ec1f954e755b,
70d4ac69438db37593ebdc14f36d562b,
0feb7462a7b5b24b2da618e6f4c370d7,
4286fee9315a800c38d53123a1270cc1,
6571a6e6ec3f4dd5f446947cd67729b4,
844f673950157d3aa1bb74459294e969,
be387cf83d3af8ba4ff3b7452ae0b6e1,
78591f91175c7af34da361d4b3d87d85,
ef1b9f79c7ba5ecbd010f4301d1185b9,
0e1e1f258808475306fa1182f690ad63,
15f03f18b3ae8a8d27bc3afcdab4c02e,
117d68ca41054974ffdbc14c66431834,
c6b83149cb1913e2113cba843158af54,
458863fca605a8e7fb4e2d849a71bacd,
a39818bf5935a9ab96ed857bd536d4f2,
c09e066d89d9cafe70b1c7447901c26b,
68dd9abb1b9fe8ab28299860288974ee,
d54eedce7fdf12b8a790a196f1999b92,
cf90be48e124356858f233f089aa74e6,
d4a409e98764d8c2880af77c57cd1729,
a20bba6370ed0f19cf403a086674b6fa,
34aca8680d4e0b9a4c0145fed67aba64,
b3d3b73bf07037d8b998c55ac428ba21,
a0daba8df0829197e474da8d7a4875c1,
5552e9a0088ed7f62f9ab07625e65d31,
21f010570fba2875c57d13dafb92a585,
184e4102139fe6c63afcb954c145b1c7,
420dd2dc1a84c14b6d98ab97e1359671,
3c2b75b96c3d034b9e15f11800dce54b,
8733f0ab4ea42b3acc37f517448e436a,
17399810fafa5f4a88c74d4ebf6e0ac4,
b03174a6500821c40c0e942261c4bd16,
5af01ba875e5bc6aea8dfeb6a6d2e785,
6578857ef6fd3ca0ccf2148472184dfa,
986e209a86264265248755a2be5563e7,
4e55ff252954e7f1c7a81f3003542ece,
c1e4af0388d089195e4869701d797032,
27fe79dc1b5717232896898adf5da480,
9e23064b03f2543334e375e71f147014,
22cc488e9341c14b23bfc3ec12b4a097,
50daf2a4fc6ac0d73181c476f44b72c7,
45ad968627029db316061470c88fa7d8,
fa2daf1d653f3a6ba5d7d4d31e3ab337,
2c902e9eb51a4443e44d18f3e6949296,
a49216dab800d04a93c75a108c75ad1b,
b048d3b759115a78e4e6558958529fc0,
7a455a051fd395123b92a579ecb5c318,
c11440370b3e8c7c560080c31da69114,
231b3e495f8d804f2e4d72014526cae5,
de73125dfcfda3b933c091b6354f9492,
917217c991d4098dab153229e970320b,
8ddfa327a9d0d20ff1a0d277422cb5d6,
17a250abb75a43c78d984366a880fa2a,
3023aee63b64ab975a9e19598e54706b,
3b912c6e0adbb2690ce176a8c16d57b0,
c3026b04a23d082fbe906e1d600a3314,
031a3a9558004d3e706235d9cbc92f9d,
20866b1f387eaddd9a5a6f5d59a3a68b,
e7ef09693d29a598d1491881f4ae13f6,
b30b0fb4a11fe25936e240716e037c1f,
c3edecffc8011440290836e55a7dbc02,
f7ec366091c01db526572abaaf35728e,
04253f6f19d5e93b1bdda253fb3a9075,
39a21ace1cc7c44fbef4b1439b7fcc08,
e4c6458209d3e56d010d22ed9340f2c5,
e8c152edaad9149b114a60a6a80d599b,
228e3881d2c4eccdcfd79b9f7a59de59,
d2e11c283a6eb0205b81f0dccce73f19,
f0081b0e4d15993bdbb646eb522bbb42,
a652ca065d1c5e9f4831e384bdce46dc,
271e0c100ef3db2abbe1a74aacf5943e,
ca908f4099342c04081f37f35af02c01,
a3a150bc6f755bf088d65ad07d658b75,
ff84218135533d8b7e59f41d02e5fb8d,
4fcf79d44d4e8e6e61ded6e526a20f71,
522679be1eba8225532c6e91195bb164,
f4305276a660c62a0f5a17b1b6643715,
756bd9bd852c4879f4a66dae390b2c9d,
39cf1170fe64cbc29ad31f0b38753fe0,
a3e4b454ff2ca8dfd0612570bd570fd4,
c60ae166de488b5ce6b3f86360139672,
59a3e8e02e5e533bf37d6456bb4e2f28,
dd4dc40475e68cfeccb02e987968cfea,
cb2924dcf58683300bcf53adca4dd2fa,
24a4d3a876af904178f4be774dd8c176,
5ba0d1fbf76fd6dafd2ee95732014bed,
3e01753cbf59826de2ef87262a205bb5,
aeb2e338e408d46b55e58169cea0802b,
6088c53e2db468048feff22c7823c952,
98d435a3cdc3f39f80b5a59a7ad6eaab,
00a7d13e1bf4c94ee6f1e1130caa8ff3,
5772f9fad555afafe95d8745eb42383c,
c5c4bca0a4f14d70b5eb86440ee110d4,
ee042ff5d656f63a3ffb51f774d756f8,
12f80602239a6ed7ab9f8a09a7827dc0,
cbb4ed63a58a45c34d0a46ea0f664629,
3968b3614872aa3b89b29e49347ee53a,
58323520a47776553a53be0ec0448ae8,
4bcf7542613214ae8063a09a8a51da47,
d831dd12f669b2b26bc0df1f0b4deabc,
f442c37e9e075c32ad6af4453252d510,
f55fe46d7568486aacb94996109d9b27,
893d1ab32c44fe2f8dbfba430e35cb7a,
ab424800609172aa3fdf2a7ad44a4376,
cd32008e313204265496ca65534821fe,
f7851147c837aa180266c83a9efadf9f,
6afeb20fac52803d9b94cc22609e6357,
f967ac235afa3ee0b5d309a3ac2cb16b,
f5fefdc5198c2ec6003141df24d5c2e9,
d6f73af1008df6e25e41396749f98c18,
1ea6ad2731b2b0b1a7655e4c649e46c5,
483263b15b00a70114821e9f1943540f,
11c5383444fff1e7e4ca18f56cea3295,
060989cb9715ca3ca8563786133f01d7,
cad1d47c3d0494e29eff1839045e55af,
0dce02b538e2eb49cedf534fa7b51fc8,
f53f977e5755d04e64a6cd4a9c911ceb,
dd4a5086b87e61dc21a47a7db1d633c5,
e20bee93f7d8e7980311a12a94f4a3d9,
b99f89baae46e06889df07f1e23d40b9,
62cd398e8c5c728508e6c483d003e4a5,
ea008a95d1784873c05c30f7101dd1ae,
677d523a3bf478c868b585e822f98520,
9c50ee3babad2b0b99d73cf34dce7c50,
cf64f176b26bd668adbbb01b2262629b,
f5124e1da19448dc39a2e3a9b712be7b,
e0958857ac2a6b1f1b722de7f76b890b,
7ba6d877ec8890010d04fdb4cb2e8385,
704728148d55d417efe2763318617038,
3f1db596671c8b0e0d61f3c69c180fe2,
cbf33cc7ba064088c5c68e38398b1644,
fa3b0bd2e842a97411e9c7178f0ac4b2,
3ed712e70e7aa5d28e427b6dfeb8e295,
28922d8fa70fa94e2c21442b2545ed78,
18cf9d851349cfb267ae84416b2520e6,
d82687b244774352631a6e597bdf2635,
a520e85ed11d2bd99c2f122132494884,
1f03f9cc391356d1376155e3175e5b67,
72a50672f08b574324b4af9178d6b527,
e0518efa0c75e84bcbe186f215f4fe42,
5bbc411f9dc5eda556159b5167e413b5,
6f68d75f5ded7c0fddccef53ebcf34b3,
8584a3e92b146a71e63ae1c768b7e33f,
94e0980e3953b626743423143ffd1680,
df20efa0ed5d8453c3db233b056cc145,
1fa018e63bdc40985ca24ed8ef8118f9,
81aa1cd17da42c00898c4e7608e339ef,
bc6675728f8e5aa137bfb760bf092fc9,
ce1c4f91bb168ecbb159e5d8beb41109,
1218b9462f4a82e8a8a265c4e7074397,
9998e00c0638deaee6bcec577dbcddf9,
800304bd25e7969982733d9b58ccea56,
33bda27402d55862cab83be14ce40060,
abcad504d95d29c614ef4982131bb789,
31e53275c4360b5f2b49854ce5a1d586,
0f25a7d1644a1f46c839ad81a898cccb,
5ae4b52168ed5e5ccbe8235728701fef,
f07983b2311d82f6799a8fc4122d5f69,
26bbaf9efa635d1a712ed886e09d8af2,
472f9c2753527abac309a2e2577d06be,
5d70e30c837c89d97a8d88bb88e4de86,
7876d38146e94eeeab3a407c264216d9,
06734e20e1b423e7dd35f8dcb9aed433,
77042cde18dd085d13e3a0402b6082b2,
90280440a6834e6f0daea7d239b8ee15,
9e6f329548508ada38409929117df431,
e8035f7457a1e4bc252bd1553c0284df,
9a05e2276d4bf413957299022cd84f8b,
f42879268043cd233b7c65ffd52d9db6,
cda7160573bde77561225eeb81bdc40c,
337775bab1c50ec524c2d1689294041e,
241d98580f140d517d50c02f5d8bb248,
a6bdc6abba2a1a0fb92e4afa98b654bd,
08887ca65440db6602b0630e4159708c,
a986f27f02391ab6f09acaac3d0e46a8,
7e5a143d455a1ceada4b427d4e3e3ea7,
d2d8eea7b296a1547c78da64411fc47f,
187aa3918357c4ab1bcf9fbe3abfedfc,
5e518936a901f40c6465362debfafc96,
007f86a9f17140d36b1f3ce90973dd47,
e737bfb918a9739e0e34675157f1ba0e,
72639ae4684a555a3eab35b3bef23e7e,
b1c7c352c330f684fb55f7787bbda43b,
a4f8c9800572943b713c0f8c75fcc312,
07724b6755521cf177763c6fc4882b00,
7e4e10322c952ccfb6beefc84f437ae6,
8a2e3e9abdb89e1f859655e543f0c7ee,
c3d5fc1ffa1fbf1aa5185afc224d749d,
75190fa4effa12677d3a62ff5b1a77aa,
6fc56127dcd53d656b46703e2bd8a2dd,
397da0e19b193b409184729afcf9179b,
baefc745a9d8cf88dca92e3a3067c4c1,
c217a88cc50cda6646ff541364f38cd4,
bd469225e0cc49acabc52568d8cc613d,
3329c5d7ceb554e4fe22f7ceac94e8a2,
02cc6c8ecc99a3cc7e004e582403b796,
a725c2dfe65d8f90f4719fad28452b2a,
d1d603b39df3c5b834efb2484c887c35,
3ac20cee3753bcf321d0960b60ca860f,
0e2e7bdd76ec155799297a5fe32871ed,
b84677e4530d13e79eecc1c9395367b6,
469620f813ffc7f647d7efb139afeff9,
1005f251ce1beafa81af73273f0ee8df,
41224aad4c0c4c2c0777367accffeb32,
b0091c3097f373db73f158561a818219,
1aab090ab31089d6b727a538968b5fb2,
6fd8519834fadf315d44cb8e67033905,
ed13e50ebe186c7ba045a0ba2706bb6e,
f5f5116adab078c6a05c260a4acd1fcd,
941e2fb064b11d3ce5676b97b84abcf1,
cf34aa9b2c28dfe63cd0830d40cb2c3e,
f37d594b6f35c0288e149a4f5b0c1be3,
d985219d46a3444522fb4c3a543e6c89,
20af234515838647313da38689c7d17b,
7ffb88ba36d1ee17048855f3704e7e1e,
e35c0fad10c87391e64ecf00a38217a0,
e57d022d557ac29be7eef8be0767c29b,
67cd214f93ec6d9f67fc102e33bb6587,
2c623e66a6b2bb95639e1fb4a141849f,
60edf705e871ac6b45a4f9a5d566bbc0,
db8727e40f053be989cbe9a449c2103c,
04eb3a05a6715e15f5282dad6f89760b,
696903306b43eca90268ab07dd9de6d8,
95fa9d20210fe9be6b107f46622fcd1d,
bca42fd379bedb604885232fe98fcdde,
69791c89b52d198944aeabe60a0b3d5b,
7656f5802bce6f0f9322613b17967d50,
bddaf9831ad883e0f8162ddc83f55195,
507de02aec1f834850a8ca01adfc8d73,
1f96bd7890c5b56759929426daf4e983,
9b6483da5809ae18b6310763c541123e,
812d587cfc8a55e5f80d226361e514ac,
74ebdc460ebd1a14951b716799bcb418,
564e4f962df83542594346b8b0487c4f,
fe5545941d57a11159c283b0e5f2f8ac,
eaebeadd769979e5c7214fa3710e98e1,
d6c0af7048b7bbc85f91ad7ecb8eda73,
62787170c9e2e9f66ad5b9ccef0fc55d,
9e25f955303264f881f1129e00617e5e,
0c993aba56e0d648bda0ce8cfd0d7a6a,
9ba5b6102c5df2d92d1b3768ad21a17b,
6d7c28a7f694e597a3b702464493858c,
aad4a3bec9af948a042b3f2ceed728a5,
8c84a047828a706c3fdfd84660f39660,
7e9a6a73d80297b40ceb8df0164c98e3,
a34391d277918dfbb6de7e811523f1e0,
a09ee3396d3fc2bdaba0e8d64a285b29,
050641f69e5043fd489f308d8b83b87d,
600cbdc82f706c4952450f11adeda264,
aa1ef803220560096776b9cbafe83a4f,
8f4bf0402e5bff0efa5a0df8eab61878,
59e18ae3ee6522fd20a7af1ed70bce6c,
0c20e3ea6e8a9d029fd3d3d0e776e1d5,
330ef553911449efe41f6b2d0731e064,
5f627baf973985b449e9407d4f40c582,
b3166b89326aa80f00528d634c390f6b,
1f3a8e7bfa5d1690815d7af8c94c4d1f,
61d8a487c115d458781eac0eabd8ed03,
3b499bb7ae6a9f9da8fa659fac0422af,
20059214ea4c96a1739a67a0bb069d43,
56f2d1f02d5d3bea463fa3e035b87a16,
2797fdd73861d63ecfbfdcacf287e4a6,
23584c3fe85984f372d585de8924c907,
f7db566916f305f9e8ee553ed5da6706,
bf4d926497ec970ba8258f8821e2e3fe,
dd4776d380f90e248a89195339c7a8c4,
b414d076c6e07e709450b41c0112ace2,
deb242fcbd3d75e5bc869aa2e29fef07,
3fa94848dcdeed287f1bad0302d19ac2,
7726cb703201390585b048018d4b7333,
e1bce3aad4e854d285beed5f21dba30d,
1725331db5bf2f9a8e94713ff69180db,
4ac9db8a7ec43ae381530f80820d68c2,
8a01405259ab631152d488f02e855f4d,
bff30fe9120394ec1f861cdffe22841c,
c53bf1ad192e2d3cb15f26abf91b7e2b,
fe50ff2acfaccbc9c7c632fff11ea7a6,
ca2b60900cb234192aed48430602989c,
366d21269cd1b3ad4dd9cb994f25ca80,
0f50d1231e7e9284fb4a0597c86819b3,
1bfc1c4b90150a7e33d13ff4fbc7a5c8,
87d4ef4e0e41fb911e3c296ec56f6c4a,
672d7e100f6c7fe4aec647ad68b55aca,
b59458022446bf205fad7864ff64db88,
ce27aed83219f28ade780a4f8615adb4,
1a2b6793e02aaabf477542e3fcc00de9,
2f0e64bf12be1195f224e57aa64b9c2e,
3c21d9488d17d851fb03ba4ca899b176,
3eea814ec95107e4ad000ff38f8c26a3,
f57002d4609764c919d49a0cf7486daa,
0f26b176a5a43c9697e34b61e47f1210,
da901a5ad5df4f237b13d7700cd0bbda,
7e43b047ccc304c99ec3ac60194d304e,
5fe64d61785de4d32ba209d19831aa97,
37d3ae96d8d43d8154e3213ef03d6835,
93aee5da28f3ca7b3abe5f475666c129,
d881d8e12413ef2ba0b6db1fd0aa3260,
51770d47a57bf9794f5695b8e3224608,
56e10f31f3b678a02be59da7e944ca8f,
edf7e3a82055838cf6a5a70e7daa74f1,
3b05c21d8caa989a5371ec0f8407a06e,
348222144b91ebedfda793116522317b,
351587f62ba33bf731de2ebeddc7375d,
e4baf0a77dda1c4087625bfafc765887,
d23a1b4c4ef3bd5005ae30fc3a261a49,
6f6f662eb7753600b5807a8ae865fabd,
4b0e733143d33a5c0cd2667b11640b9b,
98266f62ac8edcb34402f135727b4036,
98b693f11d015825288d9ff6c6935e01,
16f621a8b28748124698f5f8b1b84a16,
4e489ed022c3f37b43eaf0b747a72015,
cd23db3f1b0dde7584467dcfe6ddb5c3,
6ac60ac285510b8e66ea32ddc44a9555,
b62500d5f4a647ab2819a223e0d7dcc0,
ec6d6f18f44a183cacf7ab0a72e3f1c4,
3ab1811a69f22466aff3811dc54fbf84,
9ab29280ae144c6a07549dc94eb8c731,
d45a636ef9ed12ea77b5368c878388fc,
19c036257995a5301967294a47490897,
179c8256ccb4eae02acc2efb24b0b93c,
558c2d67d0798685e8935c02b241a7c5,
0d7dcc3abef05ad31683aa846339b522,
893c924a4fca5c6c09af7aa03d4c54d5,
38c0f607f61f3515e7381b0caed97a20,
bb01123f7a1a04b3a6885fe9b43d4e44,
65231875507da93fb4e09f1ce45a8157,
488210bc0a2fcbb26a23c2746492270e,
ea2e2f8a89162d73029accc3c41b0cff,
538388c3a4e302b12a12cdefced1574a,
dfb90939fead2c37e789f703a1d6db50,
b7b46e20c3ccbdfa01f126883c48b1f2,
a4147d79306f80f98d0dba4edc6b13b0,
d50e407cf594c1d030ae8746560963db,
21d0948527af97dbc4642d7e63eeb828,
71cad99e47c791924e4daa909d2d19d0,
2564d1fe7ad8c07e6e1fdd4c86479b0d,
038b56411e38a003535af2d931208bc7,
b6ee7335ce71885e537e4449c99af9af,
87cc8d0d15f698cbc3b62e6aaf70bb8e,
2924abee575d2ad5e4a5b4d344e25a1d,
50388489990fa2876dc3341f0e1b4f05,
7a8ddf2f65306fbc7065f8d17b2e01c9,
940a2b2d2bd5c24c1ab15fe5ee8b2bb3,
b16952334885520a3bdff97b2f98b95d,
3a2e4aeeeb8344693fbe3866db9bd794,
bb75328c22acfe5a1b4d98549dd6a378,
a83979248781638ce8576db4950ec2e7,
dc7ef30dbd5b71f682721b4396efde93,
0b12494f0777e69430d73620928847ad,
cd6926e51ebf5ad319e237840889f75c,
6c7f63a94c4b671592c7f0c5a8728beb,
cab9032f152648c480cc61cced8b8fcd,
2d666b20db3b9c38b1ee0b99e6d036fc,
e4690c8323a7b6b8a1a4c381bf370bfe,
db4ff6a0cbaa568ae9d331365235e8bb,
e696136bf7bf8dcaf7eb65c2d1179f5b,
05ea362b64803c7b39cbb3babfdd6893,
0ce69bc41db1bf22bdc7395eb689d0ce,
10465eeb30b130e1477e6cbe307a62b3,
04176021ae524db8a29443c237719bca,
8e181fe37958d99f90f87660339ce0a2,
53b9d3170c38841662433eeb6edac6c2,
758bcbccf724009dec1d5996d4f92dbc,
dcadf28e3847ba570d7d9e65891278cc,
45d0259b19e1e64e40ed6a4dcc309b2f,
615ee0d3c45958e04a658d5642890f79,
919e3b569bc574cae53af28a3c907275,
455ccd0a473625418c6929586562eac8,
0f89a5df66a452629e6ef6cac0404509,
73d51224441ec676d3b8a977c4da2f8a,
f83222cbef00fa0cb91fad6c8f9d340f,
d3b75f8b4e912999cd2c7a35078c3963,
c95f1f9a5e40c4f792d54bf1f0dd6dca,
414b5a31c1bc0757159b5bb7350e415e,
c0c98a92868f3f4946f3a3f604e12c36,
8cfb493e06c49084406c5f83e95a469b,
c8806cbf63f5c6d2176a7da706f4af9c,
017f90f343e0e4095522447a54770839,
38bdb4850829c285708ddf714fb38f81,
aaa5d861113b6539e258a8b82905ad99,
8763c85797c1ab6c9f61c48449371be5,
0ee5aff6b7440eee4dac14712db55a21,
4a90703a8c12778f6f74cb2833f64ced,
ae30394b1d788c2c2bc9f2b048a1f306,
ec589c334bbb5fc0290684eed7264986,
080db58e3201933622b925ca66ce8ac9,
7e5fb4764f57cddd4742cd11b48731d9,
62027f7cbafd71aec0cab601b924bc4a,
cf67eacee52d9fdf7df0536f8008f415,
406a69472eb73bd6591a67b3bf170fdf,
e974fca20e5ca8e9bb98034e3c692ed2,
fba92ee9e7707e3be7a15141c5eb451a,
f29cd240774afa33c4850a31259f4096,
31429eed3f1ef860e0155c10f6f185c3,
bb4222c67a85c8c03e991b94ab9c59f5,
f161ee7c4474a0bae4665b427a42c17f,
2e6c0caa6e4816fdbcd9abc7d28bf34f,
0a0e6f5ff8e50adeddfbbae0e401bc65,
79069e70e98c5f558486c6be11e56bef,
7d3f8291045f860223f9258df74f27cb,
e26eba07b92706b520ff618b1aee0a25,
a7887487e59f4cffbc47b6b317209866,
e622faef52a29558ee129b2155191c64,
3c1d949ff2e1db8078fcb52119910433,
1971ccb6392fa5ad2e21a754d3dd5aea,
31ee94b05ebd9976ab65407abb20d9c1,
7a4e0ed24f50dba1bc5dca2409399aeb,
9036ff3c211705408f95c85e089b748c,
968c097ee20486ca63042033736044cf,
34c7aafda4db095a0cdd9aabea9c5b17,
7df9e3c347f6f156f1491f580afda401,
50c2334ebeabe533b7991ae29ad5348c,
fb9a8aaac7bb8fe57a00a50f60979dbf,
2ede7fbcc3b462d3ee6b8cde8713a4e5,
12dcdf3fe59b09a1930a688f36c1e948,
be8eba1d613490c73a8b9be28b7397d5,
8cd42acbc1367c81f820a69733e3c043,
c8ba5374a4309af3621c5a2f9a49cdd0,
5e5a81c4753a375f32eca59779bcee5f,
83f59c2c978c867c1a42a75c87f35de6,
f933615fec170022991f35f872735683,
091d4eaf79b360ecb831c65f357b561d,
f06ebdc3852b194c4385d309eb1f7f1d,
1c3388f0f17393917a34524ca159e008,
199551c6de25f5f3940883f4c9522e8f,
662ca34240561b04c5b250067d4f9335,
77a86f1f34cf7888b62345486b625d86,
42ee350b8fe1602372092eabb88c7c6e,
572a68fd678839af63040fc1a4f37f70,
008269660a8f1052e276955c74a6968a,
746998a17401ad6791c662e659941515,
e563000727eda7971d4ecf9049820a7c,
e06fa442a5d4350f7cb6b1d5f0977020,
d60dc7ec7035961be302833c4bd4e8af,
0db6e79e2bce65b70bb54dad915a7d4b,
71494bf10dcbd33522f2c8686791faeb,
b2d92e7e13a0ead52f9e7efe7a678085,
c2a33c82b478d5fba4d030f42cffa101,
7f7c8bc9f54f26e99496acc1b9902ea0,
23a7f8a895dfa2e7d53e6aeb12d6463f,
5cc9db46c8146abb0cb749e6fdcb8cb6,
f5c9f8123aa87b27a2f970d6f2d39177,
419daa3f0bf101a3c1fa00a738c0e89a,
d4095a6726e70fced8faeea9f3e5bdc5,
6f80040f3c4381b604d2c50e8cb28363,
4ce4b14221626c0b5cce7fe509a1101e,
b64c68df1ca714d85f05daa2e5a254c1,
bdc5e9bce1dda64f5568916a2ba252e8,
4bc597ec55ca4698adc5c0dde0a7bb6b,
8ec77ede41407de4b826fe1f277b9bb4,
1009b2ef6bbcc4477a951d1d82143335,
4b608bdb5dd69dc4fd778c587ef3b0eb,
dd69e1b1a75b30c56fbf4b7d500eb808,
deede5831f7e8614d1d1d86cac239046,
5a45595eb629ce00c201aa7dc2af95f1,
91973e79935e2152b438c44ee67390bf,
5ed8bc944b5a61aa1ec91927e567ae82,
cf873a17693dbddb13a4f6b96ec9a13c,
19915ef7ca587aa86a56f0fc4b06dfdd,
f11a192351a6d76cdbfb031fb803d06d,
8703cbcd995c319e83f3d6fd60fe457a,
d38a02ae5af4c2237d2b1a13dc539db1,
922f36cedf5d4ff5f0e96b17ffc9bf44,
354eca825791860083a92f331676c4e2,
639339e12327a06633cf19193cd95f49,
6f4afae82bf7beca5cc0603d3eecc4c1,
aba7c0b78d5c6e379c944a767b2b1dcd,
36a343b92148e92abd0147ac1e9545c5,
6a9c0e9984bb8b2481a02f05f4ea854e,
30368daa355d0e45e453004efc24a233,
4bb1475b1ee171ade25fbb2cafe5a572,
0ef9b5c354575b789f55022cd5aeac59,
f4b3b1df4e3d9e9b6cf3987f842f35df,
d42ddb9bb4de765c1c895b528390e903,
67fa9515976950eb60b1aa8d7f807207,
f9a8b194383d4a47d5ea0f6368498deb,
9ba51fb1b028765557d6bf60218c9928,
8d48633476543356c8f28e2fd2200bff,
5c959d1185ad0f3f0131ae53def73aea,
23a63b63c0492dd555c4fb0fc6e2006d,
6ce5f6c3bfe2a1c53ea7564b4faa22b1,
9a5d81095c7f620d5ceeaecb366f715c,
bbe73a18db32a502a6b5d265027f0cd5,
7eaa82da74804cdcaab2ed914d535c3f,
16bfb1b2cdfe0d008f4717c187c71158,
d751dde4c08a62ad55e91f147a67a658,
17c7d51df8507a930962cd3a805313ec,
0a89d9da90fc295426f76036765329f9,
cb17461e99c8c9b4e7e786673bcd5d5e,
e1f02cf1e433aec09fd99a73da6cf800,
fa3f914a23dc1aebc3e5ba6261f3d8c3,
907786e6adac7696bb11a128c7d3b5b8,
5565950f3e745a2c0e28899b50714452,
03fc24ada3c4701f9cc6ce572c0877c8,
1ca19c73fcf32c1993bff6478a21e5ec,
5a851c2b9a692fdae9787c1b4d38578d,
feca8fc3e9a1085fd99dbb0d09d30ca1,
175b405e5a2f9326e0d8a64edc58cc9d,
a96e393a1305ef33ae9843b29ebdc478,
f7c234313b74c7e12feeb9720733b77c,
d9ce465108739cf3781a582442265eb3,
0fbb34837a78beee2d2c1d687167e211,
b71d151554f0af7bc7cfbb12ba0d1717,
bc78e5e1d25a05c0bcae48916c79f5ba,
ef97e0808fe9169bad23f0687c67d186,
aa0eb49a5f19e074754ee238f0aa0c47,
6178954557bf3aa52f0138a8896589b2,
484e4e9647470e9ea549b95ffce82ff8,
5728409bd27c7ce6917fb33a42abbc19,
42636406e7b8261641380d54737490fd,
4c7ff7acd6572d645ea732ce66c814dd,
97bfd325a979e96a422aa0d146189f8c,
801990b44237578c9e6c16d1924bfe3c,
ecf2e53cacafbde36a05332459cdf356,
e21659cf35b56b37033db44476645639,
294f9a09f61432cd74f3f25aa0d87be9,
f51484afaeb4ab248857cc03df9f3180,
50b9183b41ee1a0566adf5dc043a77c8,
8e898b7c99a3396668e41d7288c44aa5,
ab9df87de2e9cfd8aa8550767b5f578f,
97e8a0c5d968566d3a59df21ea882421,
84157e68bf2849862c1557677865e923,
6015a7170a82fb1932eef9a21467f00f,
7a4d58433e32934996c0678bba1621ea,
6bc664029db6ad38501a349812008fea,
984fb1314e799e23a0e2091a52d7c698,
0e22337c9e3c2530edb70bf7c96d5f64,
e1b2711cb161fc9551935c4cbe0024ae,
3552d06fa32e36e02d6168da569f2f6f,
4b420f9ca1116848f34f723c894bf886,
01fda40fd829cd3acd82d08457edbc4c,
0c567a19bcebe0c9c2172017f1ae2ad9,
c4c70c6d3c75e666adca89cde3530162,
c3df1f6db487c50c6fff3b3294ad97ca,
42c53b1f704254e73409f34eb323908e,
4d26602ca322f1fcfc3ea2241500ad90,
e8e365ae5f17718a8b2a164f36b246e9,
42c9dde6f29cf779ba5be9871c38a641,
cd3a75b481d4f00c8f3d3327169e18ad,
eff66f2bb59ae99fa80347a78b07e772,
710eb4fe8a58c8d5136447ea64e4fc46,
02aa233a2ab0291a4709fce273ccd53b,
b4db1714086acd3d8f9ff003dfc98acb,
31454d69bcbd9438120acc65f88cf4d8,
4bb3f1dba7db44f67bf0e38fa6126571,
a505b98f35bd1b2e384b20cdf2918d04,
89780a2a1a8da1d36ca5c475c20fc478,
942150e5afc8fd7c37651a3adacaba44,
4886cd7b8820f288b2c263d95951877d,
aa6051b7511135731ac15da999c409bf,
8a6b9434343992cc1b779321ebebc1f3,
58a6e8b6204cfa27a3e29dd399cd5f8d,
5cc6e32a2e7e221bb65d6be06725b6ab,
2cb16958ce76395d73e16d1a96f54cc8,
882d8ddd9219849d34c4c11c02c2591b,
807863304c1fb61afa56aacf4d9af6d6,
cfe1cbb53bbe6e70424648407709fa34,
ca94c68167355fb70a75b45a02c46351,
c4381e08ef2b16dbb5e23a565ad849dd,
db4d64175901942c425461ba6822de6d,
35d8b2c003b46c30ecbc5fb78fc294c6,
1d8ef81c480b1fa72d74827c1d7d99fd,
9bc4836be23eb79ae29e4bb02b5407f2,
08f1c0a59026cb9e2ce001c1381706b9,
a7894a8b9920cc6ff4ccba0e0d729b32,
90f7b949af414dd8ae671ad130c652fe,
c0ffc25bd3fe3e16b538a97cd0014c5b,
73f0788197b6819340498558d8014cf8,
7eec3307f4182c4cb35a11daaefc4165,
0271ccb45b368b7cfeceb9a9a9fb02a5,
4ecbb953e93f3725e889818badfe1671,
a166de24a0204ac22712272a113e38d7,
6adcef058f6e3a76d124bbf721460624,
61e375f1103cff1149ad5da3693b8ec4,
9cbdec77e7b55fe103b88cc1c9e89ab5,
ebb6753faac80b3c78e0af443e3995a8,
540425e3d67559df7bfca774b787a7f8,
9304a8ba51ea7f80787702fd2a8d5907,
a31b42645ae612ee1b635c13ab67cf32,
9369f6a39359e88f016d588f2194b3b8,
68b73890494f4c3a5e13a15de74aef03,
b6971f46de3142a254f448e82490e079,
7a2d457e12988f3f694db1a27e2acabf,
223e15db3bc6d02f0879e49c00c8c434,
b07d8a16b53ffb90732766dd47a66a64,
671f6f225cdaeef87504e0b77b352f5e,
3a335e97b0906dd660c776541e928fa9,
a0c55d481bb545ee69b8ca42bc735e88,
9c1a8a7b78c441121909e4b6942aa7ca,
90b32d23a7e1c1c2034033d1bfda52da,
4057afa88b2253c74af5f421b30f3b91,
5117d06812babf31f2793b7df792ba24,
0d4ef9161ec13e2d3a7899b548a3d49e,
9c5e81409e30756dfc71d65f9d4cb680,
57d40c5f05508adea1e059dbf45728c2,
1663089f1019ab7c059df696c87d78e5,
d5ba84b8eccef9fbbd2067bdc81adc99,
a383c3d6c5e034b80a44a9aa094c4f8c,
8422e8aaeb98303fc19cdb1ed03d32cf,
fa9f3c76f6793d9a26e193a9eacc4e9a,
47112cb1696242d1a3af6ff900e55c5c,
23b3955355ae6ae8c8c048efba74a2e3,
7177dc6ad33870328ce8249f73661038,
38fd29d190d09b4f55b179eb36a38789,
70468f3c08ad54ff919b4c89d0a17567,
75608bceaf154a166c7b94a4b5cfd7ea,
eea9a9c9027ad914548dbfdb8d1b1b31,
d7d2e82e6b7c921331f7f2a57ae9357b,
60b04029faa0bb935eb86758f741f203,
71a3bb1ee41533d4076eea92b92ae074,
66c8d0e5eb4fe339355862256248f40f,
4ff2c963277e3271e0a0bb5e72532f55,
64e9e64323119cf88e156ffcbefec6ed,
a56053bc04f3424f4a23a2c7d46b1319,
b7177a3d26192814e216d1a37cd5005a,
018e2dda67ab0919e1c42f51f4f4a330,
211f5c62afefb13aaa30d66355344b09,
0d93651511e5caa5aa8b5bb33450a04b,
c54d1809c058d371cec07579e2c1758c,
19b7a9ef31e33019f83e13e042afe0c8,
b5e14ae8b0d60f1fb9f7ae3744438e83,
c991ce59f653e09757fb490008d8024a,
32ce8f3d6587098fc8229154b59db031,
406eeed0d09a7ff363b8a7eacc4cf28e,
31e0248d30fff250a42f8255e70e9035,
b7e1da76f7fda314dab31f4c51ef5c6d,
18e28ab695d52bd974c4480de19b3893,
38bd699eaee34f6492f7d635ed2c9af0,
8a1d9aa373f2ca06b5e564db1154903d,
999cf37d761106eecc49578b05ae2ce7,
caf7623925341825db1b97f806b132a8,
20b8bf3917bd8c82c740b18e228202ec,
a8b786481dc096a44370d8714d55f8a0,
c5d669c62468c667c058f7704de2b10d,
c9e65c13292f7685f806f0e999c6f2f2,
34be040bd0658aac654a63870cf3dde7,
06095b1668b46b66a5744b1422e881fa,
1b192e5d1b630496834018290caf7e3c,
6b2f2c540d7579f4bc7726ea2a6436d6,
addb99e4a34f7a174737ac4978f5507e,
973034e2d4a719827c4d4f27712ef7f0,
6f7aee96b354871240cc409e3c21c123,
564d95a4b92521d44026365280123e1c,
3709b755ffb79969782cd2af3ff71d56,
f69665117d5e2213be5e1f5482b0452d,
ecc284db3f95f27e3029d90c79d176e4,
e56234bfbd2ac07964062b976c6d6c49,
f079759a3bacfd837de732a4a7668521,
5b9f6fb0a0039f29ac5f9d42a207ea52,
9a54a3cddcafbcfe05738181e6994dec,
1647e83714268c117fc5c055088a6f05,
165851b9fe58e1c4d8e06d1a54c47003,
ec4dccb44cee319e96de32beeef4d153,
ea520b01b424fcb74ba169dd0095421d,
09dd435d7f6ac4a091ab2646e1469380,
f68b8a41bfb33a090d7e0aff6f8f60bc,
11dce1fee4da3caeea82d7483465a250,
aefd30c7aff34b401f157661554db56f,
f52c558fd60dfe566daca70b76696629,
5de62658817abd9c71d277d82a455c0d,
0ed4a8064e51914f4ce6dd1051829766,
baa702ada57472077f933fef5a011f51,
43394580737964b4588272e4de7074f4,
1c3ec1fb296c551112494db69d569400,
53084b5c4cd82ba6cb154ea70da7ae6a,
95140af0cb5f5c5762bdccea1d7cf236,
ead391cf6e7ec4a4c0a47b7e173caf6b,
50f42b21683ecd46230ba82b70d76558,
2261d8ff0147637aa111a6b88579014d,
ec9fb7a0b0ab3e69eab4926becf6769a,
9c0fa5c2a0b3e15c9fa709e1e93f2c32,
ee97e0b4ce7224e4142e6013aef63350,
518ffc6a9a05c8e9c301bf1e42f44a65,
8803327d98e7b1eccf347a0c1afbeeae,
ac65940ba811d550424147734765dd44,
d8ecd133fbb832595cc6b0df9eeb1d3a,
e85edf6750f9df569a7af1bbe8a6a418,
0c91655fb57837feae1268d768978906,
a22b1192dd32fd2dfd660addb918969c,
0ce1bb3a644f9785953dfc58c1ec0c90,
35de94520769a756c58ecc81908b0503,
2a5f7f42eff923cc09dab225bc6d5dda,
1179bf861ad26d40d66006673efbc53a,
15dfc95f738f513e00e0bb4e3c43757f,
aa3718a291c1a80c408226ce9ade407f,
80a1212efb33866b6a5405ef2e40c457,
5bc906edd2788d16cff6165154e36c2d,
2a2d16730e7152f9fc441be7c6f87210,
c225bc0bda1f2fa4bc108f6106b847de,
293aa2ecc4c29af0b6e92352c3bdc430,
2892c91fef023dcaedf3219c84dbd493,
c088447709d71a0682a618984efdbeef,
86ae141f4f33dee643057f46768677c4,
957097ad8e57dfeaf7d759b1e1fe0b20,
3aa4a5f563eabf9f5901ea4788adccfe,
a95c82e7dd0d94a967a5c09742ce5194,
c72d59764f75e64a31f67cd258bfa5db,
f886c7f13e746a0f95decc0d977cd010,
8dfb1290df7603254cd60396a0a06060,
c86082ae853a7b11e882d01ffeec9fd3,
3c096bd09d1c450f9a6926b04047a029,
0703996fd1c65a28bc1a61d1bb9304b6,
4de6edb6d04ee3cfe7e36dae74dfaeb9,
40f95f9d9f2d5646afc11822f21339b5,
ce73a7ecf0e7d9aeeb5f741723cc1ca3,
301e17bf6254a68a9de14283baa81025,
234eb673d14ae38fb4b8132739fed37a,
3659b2e57e0703d551da5a661362824b,
32d2f2525919c8a9c86db0f870459eed,
e8b229ec62c0affbdb94a348ae590bdb,
5d364d634af6670e478b4aabf343e52f,
54fdbc17988eb5268b4295775cc366f1,
652d6f42a538e524d87d6e35c0e5eb6a,
a1b142dc21184f8fb4162c515c8121f9,
887657ff7bc9f54632e74fd988627e95,
01ebfc43891d4c845b2fdc096e90ce8c,
715ef6cc93927a205f7860a65ef1e849,
1410722ea7949fe1707024dde5f0ebec,
101167ee39cd1d7edc8b494f388e6f34,
f7a42564bfbed2a03533d86e086aec85,
f5b5ec46c1f4ca500525ec0d3b8a9656,
a8c067371e4a11229f7d842ea8a957a9,
35e1029cc54a3130791ae737853ff695,
a2d33ff3795e6b1fa4ff138d821d7587,
1ec95a760b6029a588a494e6f310a47d,
971b42d77bbc209459eeec832873628e,
a371550bd87c25eea1b6a87b9c33045e,
fbb556fafb0f989ced176da55dcad12c,
68a884bb247002854c2d46f84138f484,
7f6e8c6efa1102e218cb94e1d923dc20,
a5638549266f532065b78ab824298303,
4acc2939691f48c6c5f659e4bb65f168,
fb89fdb3c538787bda4e84e3516dc2f9,
abfa9a96b702bd0644ef74b3492884d7,
2a0ab93ac3746de22f7c07ba074204d2,
f6f8a46d18b2816e2ff28d20219f80e0,
64d0c62421b9f1d7506abd3c6ef352d6,
8ee8290637652aa93c71c3f38e1d893f,
759d47988ac7906b673b4cb0fd7e7252,
e57a9f4eb72cd8209c4ad39a3e602ccc,
a41f1bae9caaff5f30b5fd58c920b02b,
d2edb71065347dc6ab9a783c27c36e0d,
56c2e1db8c32cfc4352c8ec40f6ad912,
67a0dbe91c2c465801f367c842304a29,
b5a410f99360b2081d1167ca4d34f634,
341d70ceeb376d574c0cea713955439e,
b708a8374787139e3f81dababc57924c,
501d3c55bf2bd0321104cde091716bd9,
396a893419c778a9d4af5cb3a6c46ef8,
7b7b621ea7de235925e6d62bb4d1c40e,
e74de85f59a8bea957c7d63c70e2a312,
8a667aa30b6a9bd4611592b2948eef73,
0456f8d901ea26c9fd6cacc77553657b,
4325a065e1403c5742f9244e9ba7d8e4,
16709e3a47685ce76428bf0bd9bfa190,
fdf575069f9d2c5185108dfb8c49bc9c,
780eaf5c2a800e714eeca6ddef4dee55,
74a01f4600e217a7e352903a5783f3fc,
2b9196a988e1e9aa7908a2cf8a9f7968,
1201516b851ccf368cf26b1543fab045,
062fff3df1cc7255258d31a996b37061,
a95f9b411062321b0f6f93dbada03950,
0ab29fd42ea66ffcc8f0e16b9db00f0f,
aba027b1f24a81987fc3418d9ccb63f5,
c2a92f7048495319ba21579caffcc613,
29395f400b8c392236009270e0307667,
3e2e21618a142ce1140db6242c63ec5a,
114152c53b75f8025f137c597303b2af,
aa87f282791f9993b8e5016969bb6562,
1c29d62f94b632d21da8956c0335e06e,
9c0136a2f8211589ea583516a64d2f12,
52f9ae5d77ee87ef8827e6ab51f5e149,
3afbda0a254ad34f103e0367b864e64e,
029d545b2ebeb0315c67161014d378af,
2c38b8d7250b23a8bdb2b280bbd6f44c,
4486e913f409cba8e556485c5a45632d,
a8432786b3cafa93fba34984ac8e1230,
2efa9e08d55f6dfc20dd62b6106e0a3a,
c3c2a2322af0b664dc20cad2e2ed954f,
b3eb2dcf0469eb960942450a37f37fcb,
135cda08e8f4ba3dd85aa43fdf753c6b,
b6cc254e1ab30f3cebb508ab6436cc76,
a889b2de68fdba8390672c00edcbf889,
8525b8414163299dab735ea2a12d2cf9,
c59b7c800485345366d5b37772faf6bf,
cfd3f57b86e6ee25d25c1ebf3f9aad89,
1e633985f2666f31bb2a5a70f5403542,
63089091a51305e1e11d77a607e29be6,
681d6babdb9434e64056026a2434f086,
4c17e8829dc7b60ed69c7959854919ee,
91bad5b2679beae3d69bcf6e6575cef2,
270dadee19586d1fdf94ca67fb3e68c9,
a5232761df53c75c549c3c6e0216c41e,
6aed516b48750ce364c2cd7c05648ce5,
67eee85f82a709a5655bf0cd980fd7d2,
2dcb949475ee89fca39da12568255830,
ff01664b7c6e7b617716ea30209c4669,
204745670cb36625a28ffe5e5e505eb3,
e3ec61773f0008d7a4b03e553757c54b,
cafb2ac90e033d8af7a796d621181c42,
46e6e7b99c6916e1ccab78cd7b240a85,
8cacc91ce674f8ef458c937c30331734,
ee43b2d67764474694b530de7317ea95,
a921091955939b7788fd6a808a97f1aa,
2b2d8d9358343b0f19f9eeffbfe271c8,
1781375cd402286292cecc01ba7a1cfc,
825c7e54f185dfb39a148d212c3f168a,
2fe9a44ffe50cd3cf673d0cff4c42ccf,
a773e176b5a11c1385d057840fe9a977,
dfa389670cde4870cfb0fd79da91653f,
4c30ce64ee05b75e726dfb47da41d5c4,
4194d3b1cc8c79f9807e33da2242277f,
508a9d82e300d3463c90f42e36ffb03c,
95ab70402ef960ebe89a79d6c3f3fc69,
c688d15ea15096b0c16f63c076dec9c9,
dd6a4e9871bd4ad9f6199ada7ab6f7a7,
5c8aafec1c10fe7517aef6da3f5f88a0,
ec487df4a4be925cc7d8df06e2b32dcc,
5451ec4400e76b337dbc73ecc5104334,
4fd97a317e404f05310c8d2abba5718d,
1fddce27c25885ba88d27289eead916f,
b4f991709143b1bd0fe1ba0062c01973,
78ace90e41bc678b8a3aaa051587a842,
135e80b2b240a8b35d30136574aba8a0,
9a14ca2970add92e417f845225705652,
8c0168c57ab643c8b788eed8a8b66789,
587c6d6379c51ec997e668c936f9bf2d,
f1a749bbde58977ec1c4c4a6d5c5c87a,
70096731bc34a9f7dd6eb2f6a43569da,
3949dee8a1ea6124858b5246b4a3207a,
1c522e5a80e0822dcbecdc91a9c4f688,
939433eac3089abf60782d4e8e0b15bb,
7fd97c9d989aebad2848818dc155cc73,
7a014c75710c63ba3c9ab2e69d658095,
6ac51452cd39406fe4c8eb51ff581659,
653290c5e62453617dcf4e8c9119884e,
3baed188d6daabc7c5372f3aaf3640c8,
d11fbfee69c6f6c5db385f8b65194fe9,
06da2f6c60d1f1a1b9b155251e91c5c2,
9166b6cc4e8da0c0d1ea77c6947640d8,
b21f10588e28b97f0d09d6d78d094889,
35e87ec817ebd3799741e05c256c11e4,
064ad40771c6c6f973d4a8bb3a0f2c2c,
6f08957116b25eff8781e8d1d56d4515,
0805782db39521145f00d7de182ea6f0,
7dba2e8cd9f10f0965867215fbefab0a,
6f82ff0a4a1193d9339d85aecaf17c7f,
a02389ef692243a7bd45f13b2a20d9bc,
4ca255bff79523c92d370aeb3e967b6b,
3d6ec29472b0552145e967293d478f82,
77e6ebdb78fa5db7c3153e565867cfcd,
8ee92d5d56b1c05f17a0206fb8f9b6ac,
4c19aa9754c256f8f60d44b150756623,
b6637d5530554303c3a62b4ba9151368,
91c1bbc9a759f499f6be77ef373ab459,
a51c8f1fe08cd412c1aa461e64bb91df,
c284683251ae38412d7062d832b1d557,
bb8bd90052752bfceb24be4eea647551,
f751033d8d5bf4627933927dd1a9e1a1,
b42fcba793f67c24c408704650ad55af,
e97d61217863dad71a0f3c8ba5c06195,
79b194c88271be495deb86e313c6d967,
f052fd95bd2b2089bbaf31e2e57853c5,
28757200dbb68f80ed97111c2864cfa1,
8c256e1ade5f50406f2d9f373b088898,
81a6410dbe1bb8437535ff775c121721,
8156645d4b8f321e757af04e21298c9c,
d4c3d090a68d09adbd9d1a21d7ad6396,
7cd58bc4400b3cd9a90937ec08762b3d,
c745a338499fb8479adece23ef896163,
6ff4805b66ac141eee747a3afdc7b43c,
e15be87bb13d5a71871414a2b7048c3b,
068ef5901c218a34291c4628695a6354,
f76cd1b3cd28bfdf39d3f98942c32fa5,
d3af1c8458f02fb68bba9e5b663bd28e,
a602d208fdfc665d6d33b09a6bb7df9a,
aa9b0ed9d9158a3e293f36652231fc39,
1ee6b1277ee91b73697b17e3059d0ae3,
f01fce20bad8cc83de9b08d2308995b2,
85c3467e2f5718b92411e57930531681,
7686310840ebab1486c4ba1e7f4d8f42,
c34f04e2b61949cf3d98cdb42b6563d2,
b06f504a820fc296d676dc3e868e39fd,
42067e8cb226fe1608d6799a846bad3d,
44a2743b6e1aa78afbf6969ee4054da8,
c225bc23ebb6138090273699fa3a71b0,
f570ba8d4b6313e7cf81e649e543e1b4,
2bedc3f2345c7ed89dc93a49450699e1,
ff2b5954eaf65dca06623c9ab62b706d,
29086c92f8432b34e442729a78f9fe0b,
5787236530325caf6292db67be703872,
6fc1e80240e10a2d721fedf2daeec6c6,
7f435224dcb6fdd32f31477bd6d52f86,
4dce69e19fdd5cff93aec971c382f83b,
f3fa881dd43cd926da4bd4d20a75a4df,
40ec34283d7b5b7e93ae284f620c9036,
982f96fe1518921d16f666894d1d1b7b,
c6499eb1264f06c17d78d67188650664,
3ccfca4480e6d1676a2c447e06dbb8f1,
6b5f612167513921f18e604da0491a02,
f01c9bd2587f3b04a61ea43fb56ccb66,
90a39a9132d17fa9de8a1c851a306b9a,
b3621ac07dcb0dbcd228272981aff315,
2ef1becb7dbcba04c8e52378c7e5cc17,
48006d7416a430588053d9ee13134af2,
c63cee4e1b8525022cff290149e04293,
2cce0d2339908cca02347ba55ac7413a,
c285e9cc8c91963ac537c9e7a9b1a3b3,
a1ee0906c1f00f28ff5260ad9feeedab,
1c5990d471d280c900f4f5f323bd3cf3,
d3a4bdbd798c6b43add1d90e8f9944a9,
2956b553ce3397506559a2841a513779,
cb44bb3859592f720a790fb63a790dd4,
09af9229d7bac6b26ab1348c170a560c,
3a6485ecebf2e5c3adedc7cce482ddae,
2029a0fb7cf971f58a69f4b0041bfebd,
f005c48230b60f5cf5911d2f021afa8d,
50b7f13789cddeff130a2d904eb1b0fd,
6ff9d8e09bdd80f751798509e841ce9b,
1ebaf4fef2a591fc56d5d2f27aeb260f,
11bbf17ded2809b973553f70fcfd5d45,
56bc1ddb335026c2952aade657b399da,
2f90d19ef561e036a290999d83d05eac,
e6c104adc53521a0d77a11fce879487e,
546f181987f86804007f4537f90362d3,
afd3142eee6a4f4cfbc45ff0e16ee8ce,
e2c7d4373b850096f0325c8e19777b91,
97b47399f5d7dcca0e3c5b43ced983df,
53d35a047b31be88edaead3ca61b7409,
d42db9598bb9ee9301f08b1ebf64fffc,
98f99da2749bd7fd369ac418a8717c19,
31f45da94dbb1685357f473be9e5e195,
665676a94d1926913f63ba9ad6c945d5,
6cca97fa9c59e666c57eb33483f3dd74,
7be0774dfc62f1f231f868f66206a6b0,
c06dede9ec3f9acbfe488662e84d5e1d,
934767a79c280ee92ee0b7b2a8783516,
615bf775d3e6bd6776926fb2b53b8162,
50179316836f0e510abcbe1a54a94737,
d5098bbf584d4bdef47a3b60b991348f,
6c8f1f65b3818c675fd52d6945176a4c,
c12139063960bb41fe830f41a0ca1048,
8ab3c66692f8ade49d3925243fde24a8,
31b9391141d49bef19dae6c7eead96b5,
118eeb4dda7b02d1c80afb41a6e54549,
5a0cebc87869c8128a75b1fda649f816,
46bcbc998e588d7eebc14eee462d3d75,
f85c8f47556cb1a470847762365f5649,
0ce617ebbc6fcebe11032db6f41b1684,
3b9ff8ae4b8b7a396223e3525c68b33b,
de8953f5cfdc5c3dc383a495920ffa97,
c7521a65a2897499c886357ae4e4061f,
574612d82097212afa2c62c803f88f33,
1327941a010db812867803b20116e79c,
bef63a27e15a0a4ef181461c827e5da5,
355c09874d1f573f033b8f5273e2604d,
4e969b903896011c8204ffc5c09d4d14,
1d0f5d2fa7d3b1ac456c443d6d6fbfad,
5a7a04752bc34e0ad187467ba80a431e,
72e840e80bb27bcc3b1ef81cf3645cc8,
a36a6567c08c0bd8b1065948750d5efc,
01551a487cc5d3df83694d853a7343b1,
ae3b754af641921f4262fea11864ae7a,
93dd70c08be62279bd3f2c9a37019208,
185dc6223abad550764e90069d49c3cd,
66121d2f1d43e3ddec0c21edb9791d05,
024ec153468b58d9f02a5bb7040db52b,
775180502ff07c0c11c55c16c2247f02,
5d260906c513114a122db478fd53d987,
86bf2bf6e37ff9281e1129acd4d17e65,
d0a939352e39a0ed0baf148793daa253,
e9d51416e0ce4e468480cb133c34ac31,
cfd86f3f41b87f102ecd86faad285adb,
3e00789bd0f189a18f5d313f8169a714,
9ed34ed7863473d04575b84afc8ae84a,
ee7502439ec2d0eb8f8e4ddf25428ddc,
bbfdbe63a0a46d8064b652729da73a3b,
91437257487c900f26fcd529ad3051b1,
d06833708d5cc67da916be50928733f1,
13c69c7d1815c0d3442b5cbe05aed55f,
c11f1f97ca376bb2c6e51358fe94ce4b,
298246af4829722f57a61c2a32527dcb,
6b0ac95ffb374949a2602d13d94ae197,
65bcab94d3e70be53840fa65127e5602,
9c96da31e0d15f8a29f5b7343d98916b,
0ed2b8a2a41ad113f34f74369f9aafc1,
63b90864418a0939de56afa2eba47051,
1c79adc155b16f242d840bbc09602803,
541e700e7e3a39e217fb916621de8d63,
a845ee50a18ff931e8c292d1cc517b76,
efe2f222eaeb8dc3b78e6e63b3d8b203,
fc53d04d1683aa22b3a1fbcdba6da430,
94bc1cd32e51fd3e61d720977d0c4bf0,
cfca1e0391211bfa878e02fdb73c7c18,
42aeebc18ddcc8526ceb375db5f65a2f,
c9ce013c9912060fc0072e4badc2a39c,
6c3f2c4589d563916d4474b13e5eb113,
8bcd2abb35f08247bc9985e7c64b4a65,
e7565824284db06517d9667a69e29ef8,
f34326534984cac81bf78cfc5d8503f7,
6207359aa55e318273d7d06039dd5151,
addcb9db1721e7a2223adb75c74854d2,
ea56fbd2ab927282f0dc5190c17f2cf4,
09d1d6903ebed27b6374a8332d98d338,
9aef0f887e3da3f4f5546421f0f4426c,
d28b1aba013ae91bf077512963b2c231,
d3591ef6998aa7ce187833856fccac7e,
0d475fe87997da14c94b7aedae6d2071,
66a6682bab1ed53de3d0eb74c7dd7440,
fcc52ce947e00558c647bf6baac30745,
613f1c4e22dff946c053e210e0fccddd,
33bef8f8cca14c641eba5142a25f5506,
ace75575279a6eb81a11dd1a4565e05a,
3a0df6618b84984a5d39ccec9bf8f7b4,
2f26e43998f7e626de2c4303cff1a93e,
dca89ec900502890c93d856a53f2926a,
d8b6f1a413d3684df46dc9e908880a67,
63d177c38531ea0af9c8bc7d67921891,
3c12212c3c78b55fd3c58a946a03a5c9,
e383e9f337b8c8b0d20583466921dead,
417038263b5f99817246341b97d587d3,
da3962a2f01536158f95cc138b1fc38e,
bd458b17ff83334d671ada68a9238e18,
09cef2ef67ef663d54b5c69de6adba6e,
11d742976417c9ca9fcc705d7f735ee9,
66a91adf43bd4b49be5c6d69f99336f4,
d7cec8e2836db7f0335f9806b0107ba3,
b9c79cab153a4d7a000c1445897a0683,
105e1c551bf923690bc8eafdb6ece011,
ef427262e68335dddec915b3e9d0ba9a,
0558f3efc79e09d8c29fd1d1b774df8c,
e362d5e67d389b8c76b3645d2d957ee7,
476e34463a3f05900a10a68506e5bd97,
dfe8bb68b31cb4bdbf268407434e179c,
1e80444a1b6a28ebf67a545dca6fa01c,
b791564be63b776fb8ae183c2a2c126b,
e6c578f22d92457821e7fc13f9de8db7,
32f8ef2965b8f1f7dc39314f5a5b9e9f,
336dfd53cdc423670d7987c84e29f89c,
03211f0dc8fd33fce8fb82ca4c07ca46,
c72a8337f461f71f94dee746150bdb3a,
c17b2d7591fc4c612e2a0a5b3375d3ba,
14235a1ccaa8867b752c6d40cd478e88,
4e4a4b12eebf2ca42cca15dc11bd7084,
a63d8ba5f670b34fa80518bc4118a5d6,
8365242fd7b1e1cab90cf5a5070cf46e,
3d30b4fef84107f18ca5456b160de124,
3c6d48af26567105345274043c39a4f8,
766477641226ff9fdf864190f146a8fd,
2b03373ebf6e1af002811349d265f0ff,
cba9d3f5696ce8d19e3fcc38f16850b9,
e180ddbcbfb6544d79067d3c7f323aa0,
f3ece340fb17f375998b643dc3dde28b,
4322b0b827219ecd25f07e42d516a35c,
3ce14775ce169ab8f286ddbcd6f4beca,
28a26505f3548342e9b5ea4a276c4e9c,
8b3f98c88d87cbb18d612591636e0591,
d1b8cb2b288052c9c5b0acb3c0f0e95d,
55592956fd961a275c250dc04ce2dc70,
b882acfff5aa905ce8dfeb71ebbf85f1,
1c5e6908f1127c2a61ddc502dbbe796b,
2ad26495159f83a39a29a6b66a6e8720,
cc64600398dfcf18174c8cd740ffa9bf,
82d3223322117bea205a6b84e38a78e6,
a51ef6b7cb406d7658e228f073c5bc64,
d8cfc1d79e05a59f29ad0bf8de13b4c4,
6289cabb2cee9ffa98604882e0671d2d,
20b3d31e6f608ad0ebd43bb44803e62b,
2e059a2dd0b2faffd0592ba106e9ef6f,
1da37897a7110e051b6cf8a88cf170dd,
143b94e26a94a4541340b717b0ed97fe,
9438441009e15f15e0722a8e965d35bb,
8e1e704a237e9792fd919338929a6090,
fb4cd20e101d2b45991e0b882ec03fd5,
c156ba866bc3f6f91b2135641fc75fc8,
08e8d3c3ddbacf680b4418f07d62ab00,
b483eb3bbe0b1ae2426e12b8bb1ad1c2,
cd66725ab55338a7b7f227229cbb103a,
c712003c552033a3987e3968f4e22c85,
19dc171b796f1ee6d2cac38fe0600e35,
27985a74478587f1f4388e0fbc7f87e3,
9606ffebb08b6e8f089dfc99f199a4aa,
7f0d7d5a41489744c8cb99d298ed2024,
13eb669398f0fe293884965d21a3e1b6,
e28e218f5680d392c71dc7afe0273c2f,
90919efa2070c100293b59ff6b47ddb5,
47ad1e8b876ae1b934149a715b298550,
4b2dba2d283dbf3b5de691762ec97966,
ae24e73d7e7eb266d561fae604322cf6,
d42ef656b5b1064ffcda63c4798f2c54,
0db564a00de077b4cd41860f10db6044,
8fd765a3328689cd482817f9831c2521,
b6b3220a5af189706d65efc1d6384125,
be163a797b186253f7887e9bea14dbe6,
e58d195dab85a1607475fd01d245d91f,
2619ec45e7793b8b1e29f94871264a70,
0c944689f24c413400df36af0dec0bf1,
5d3755a1a537c8542a6327e2a333ab73,
b23bc81b9699f3f7f1bf93eb2d01baac,
93d3dcde8e92ef21fb5173a58727c185,
2837af86f2f81a7bc4a1290010273175,
106ea4f4a428897caff9c5c86b6805c0,
e6ffc804b791fa002472456cae40dd63,
0ee99be5ba3a6c17801d7c2e582c96b7,
1b11715781e863da7a4dfd0c81bab625,
aacfa00aaafc129b0fadda5b4cd56e01,
c72ed51dcb8bab1ba39d0c1df2b6366f,
0a3e33b60bb30bbb5e2fbde8bbca7f68,
fe7c2ef6d67e7a8e584193702e8be8e4,
d0160116e5734a401aa9d7fe031eb338,
35ba8389ec0b4bdbc5c5c348a4a15431,
ae2b2c05b7e57a4e75bc8aa96695b8a2,
e2b24f1c311ea85773828bf6bb64d692,
6e6d7163a33a79f62ba94873faca9929,
10ae635a98969f469093b5b0f7fbc29f,
b8b2350f467f8b4c6a701510f9d37117,
c36b14f405ef91445bbd4fce764385f2,
1acbc82697caa194331def0eb1a6d177,
505ed9da686286c677e86db73cbdeedd,
b244a4ab97b098f8f67888cdf6d547ff,
119e00bc935d12eb6577bf11cdfe3b64,
bb0d7a6d9962334c790d584d59a73ed8,
145bb623e2ab5302d7de05c6a2db55d5,
9fe3f8528487c0c557cb22e7f5687af0,
129db535e37177a2d0dfb377344529ad,
10ec7316e6d17159d335d35b084cc1ce,
04f1940dea69e0be94fa2a3ff8ad7c8d,
f40b2445450cccd4441cb5600d016b79,
b6fd3429a1db860375d4875e763bb7c9,
e68a0e8fa04f11d46af032d3dfc6c30a,
7270d58c6583482ea6d1387587b6299f,
965b8d8aac0c587435ed496f926a88cd,
a3cee106edc2b8efbb00e0517bb8f97a,
74e82b80fd3d077446c909e67320c745,
6780f389d3aca06a04a230afb2376c02,
e770415b07c93fc5cd6158bc79634936,
ffe53bd23d6ba31877a92136ed87d5d4,
1757148f17f1617c921983977fb2c222,
0cda0282aab6086991f3ed35de346767,
82fc965768f5dcdac7abadafd85d32ed,
c7b17d8ec2122b9d47dfab70ef3a4dea,
35f445fea18e336bed9515fc7c904120,
f98dc753906daedfca2b2a8edfcf323f,
74b3621b63ed57f92dad6a02da6baf4c,
ae15d1bda6c4b6f71050c10212c7e248,
47500779d35da2404807419ae61568ab,
785fe5581872e2c50eceadb590786fce,
d20a317dbab94bd34c08fc41d2f208b3,
5a30186ff7e25201cf784df908d998e3,
e03010c47925b5773ae7ae1b7545d0a4,
7c8e0dc9f3c139eab4919de9e5daa75f,
db4ed0846f0d67b626eb0d44ffa5e861,
f70007e670d44a99a5358255fd323697,
1fc705beb5040641382449c908d926ae,
28d7883f91a624744a386a3c1dbde9b1,
dd6325b456a9d1e8557f96ffbaa1b500,
ab9008607d0d72b880473a0c176f48d7,
acf6e69b7c6d2ab77f9dd2696d53462d,
73206f7a1d830e258365cfd98bff4e73,
95e3850bdfc9fbe960e1dff7b70e331d,
73765fe879258f9cfbf9029ab9809878,
85e62490d86116d6661cbec501a27aec,
a6877fce37f04da193283dbe184b3d0b,
e17b96d0d763eadccf254f72efd308cf,
d90905ebe3cce97e527720ee38e2ca69,
55e317bd5f7529926f6f515966ad1ca7,
7633086fc0dc0d9a1c262990127b9a92,
0947cf4e5119c3b3f66086a9b5edfdf6,
09ecb19d56ae37c085be15929f19cdcf,
6f78c664e029161ee0d9d64657f1914d,
edc533d4befe5ff5ac6dcfbc37eb94e3,
c0629aa5f25f4450208fa8803bc95ba1,
3bb3d920571ca1c71f9767e0150acda2,
25b4e59a3846a74c3c2d5ff0838ebc2b,
ff2cca77882c241abce36226f8ba8e0b,
b7e7369ddcf44b63fa922fb00c6a735c,
5b7ad5256c1e12b9e3ef99ebf64d91b0,
45b36d123d93372977bd14ec9ad07f68,
8a7bf937388360daa37d91773514cc12,
40e846e642cb5aa081b5c41818d005b2,
bea798e3f42abd2e8dffcbbef30719da,
872c4e244088a646a7f9eac5d5987a9e,
9ff706cdfc7f8bd4f413a7fa4f31a0cd,
7e9f741de9ea67cd13bcd2930e0aa993,
5e621ac59939101814d07746a7b73aad,
d82cdf8a096fc7791f5e2a8325fcd2b4,
521a3a91c4a5c0e9c76c452e3800bf23,
b922db0ffc2a29070a58d4abeafb91a0,
8e054ce928fede2b3a00822e422a90b1,
33b9ea6a81e897257a939098dcc5aefc,
e6f03b3c795aeb818acaa09791f8a941,
f46e526df7a305d88eb43c751b759ed3,
67da8e4a413629cf4298179d57616059,
b1fe833abcf215332c076ab5f2bed0e3,
72a3ccabf368aa0a26497972bdc681d5,
4515603764d0d234a94879fa063f50db,
03374a4df947b0ba7a647aa15aceec7e,
711644bcfdcd4cc894f1da238554ec92,
3adc4790c242a666c9bb9f3a677f3377,
76f4979b36caca454b4d63f8a45a54f2,
b0a9ad9615e4cb40ee8209b4d7f59647,
ed15ad5a50c8d3d045d8d1a31070f27a,
76a94765d9316fd14263a0ed85756afa,
563efd4279d9722ea771ff01b4edd066,
665db4cff5d86e93f0e0f57fac2f52da,
41a1fa01ac5c9deca802630639641de0,
71db03366599779a6775aed80db18d11,
08a3acbf1322dede8ccb1ee821f80e22,
46f7e78eb2840dd8e123d5f84e6e9993,
37e444806ce9821e261feaa9a714e672,
9b99b3555532af03e19c4ba9475cc2d6,
1cc039692dee837142465c050f5a830c,
cf56ccfaa265f00187a51e0ebf854255,
c75f14cb4ffa6f52f34249bd06826da1,
f71232d0b340ed6311451c0d848001b2,
ee0b52448a1b974a983cf5969e7b181f,
26ffceb98c93052a4e9cb8c25e17f627,
3b5e91567c3bf91be3629a847c92c6ca,
6770b72d5e90a8906f34b4643ce1e163,
55fcd0d13543d3e3e3e88bdc23dcd33c,
4b698870803d33c75322a1f4873a8400,
a4d1ece6feb57e69bed1eebbc4861532,
43de25fbecc236a418340f7e1eb87a79,
4f8ea86a7d4de17b92e1b581ab413026,
52f8ca6ee4412abca90470aa20b8400b,
3687ef9eda5fba7dd7bde419c3168588,
939337ace602fbd107e5ca7fbbd52383,
6b0e8abf4b77de1e72abf1b6c6f07c98,
7207c8afdc1328c0e93a61d57c249bf2,
8eb5ce3ef8d83ce0bb4761f869b5f142,
79caef55bdd3aaccd51ef7deca61c569,
680ea604f2b784f07ab0f7616b620d22,
3a7222f278427ace09833019fdf39ef3,
109e1f429c1bae5b3bff3a51b7aacc18,
bc0680347cfeab929373cae392a9c745,
aa42097fc736643276ed676e93098276,
48b8fce26be58641efc0afb29b8d4748,
fba29de84b141a3c2981fbaeca1f2bcd,
f7974ff4a5f7ca33aaed49168d09ea42,
00bee3e4e09a61eb4e8f9f0d8d95c07c,
337f8e813fb2f0ac2e0bd15a59be0422,
6d0c5d19fb26acdb2a8c19a51172d6fc,
93b103b1250df458ec53120db3bdc4a4,
5ccda5a77a1629f59af12b207bf7e522,
5c9fd463144b70ffb6d138e2f0fcfe66,
e595d16064773bb74bd472a9d8087467,
9dad0b9e24e23c0c88ed4a4a94dea93d,
df5c3b0c0d4b8e99c87d0d7a7af18ee2,
d23c1f4943bb1aec51b32f61ec757e81,
1d3f8619acbd80672d49a65c73c78dc1,
3034e4d0c54725062aa2ae020a0cd287,
345fa5e7734840fcc0c7203ca1377a7f,
ea1fc8acd1514badcbb89fa917661391,
b394c62598ac589abbd909d09a88d530,
b2ae860711450315cdb3d8a7a5ee190b,
59fa53ba03d31d6e507dccb1c8c0ca82,
e7633ec96324cae90f546eb4875da947,
c19f5de589f2bcaedc3fd942f2208b0b,
ce17642a42b6d308c90ea1dee6122c27,
78019cb964fcc8a5b398f8aad7e898d3,
9711eea58abe2e6c7f61ce4561d673dc,
c001437528a6f42c874de46e1e93a103,
c5cd1338c887ec8ed87ee52831e28cf2,
535ba6fb610483a2e3813693bd1718d6,
41a3cc67d2eec36363699016cbd78c24,
e21935c7efce1c870c1a8baecdab43e2,
224b7b2cdb9e175856546a091766e15b,
2d08a4c39ddc7c486de6722e8c015efd,
b9e400847755bfc82d7e52007e81f004,
049f23803f89d9dc532246073c1e1d4c,
2338c4f7e28b26039eb91174ff4df46b,
65a6b7f2ba8d4eab762c6fbb47604290,
5954bd145a71c3bd3bd9fcd85b0f04be,
c690140faeb9be1fed4a45982b23492a,
936924b2c7b3dcf02a13c5b56e5a6968,
af8acac903dd576f40bdbd2c808cee6c,
8e0926d132b04439d9f17c253673541d,
b44a3e51ca5865af6640945da0443353,
7a9c2f53759ffc40d56acdd4e74692a9,
10df134e764c2613095c853766dfc551,
dd630ec26827abbb9883e495e4b7e37b,
92384a34bc832c5bf31189155a8bf1e4,
b85138d8b8a4ea0fec8a7f2ff089450b,
c3a7bb1c8f7f92a5459b2706b58e33d2,
987b19e97b68940f956a0be48a8c0297,
c7f6cbc365c1f0015fd53dea436627a1,
9543e7e51127b9762af6316697402e68,
b747e1a29f4694aaba01cc50a8093886,
d7b328579abc8d07cb39024c58778a4d,
ce1a0e83a0c2c46c4b94db1a0effe43a,
4a1f7cb7d1f5ea309c6f9c3165579a71,
2e3f90d59c38bab3f0c15998529cd204,
997bd136a47c2abbc1d20c76725a8722,
2b2fb91398c0e7d62b5b13c089084600,
b6552b46cf4c2d1e6f4c062f3a3c16af,
3ea4141c9f53a55ba8a24c6831881438,
3abcd2f96fd10b373f4bfe6244e341f0,
b7b56be6b35e83d8b42be4dd8626e150,
02c0c4d4f2fd86a610596a96160db663,
a14b56c54cddb7d60f0fcd1e1aeb6184,
985f013272d974cb41d67473ee0c1e07,
e88b1963fe91b39f6efde2a1e399dbb5,
44aab3a3c127172375e1b54364376d35,
b7d53b81cf5cb1cc3c048b6133ec0696,
f241fde9d1d93c4def82a7f409fc41d5,
84cc00d3562be59d26682c255635b919,
52f0045c5ef37737ec4e461890e73b9b,
45d8cb49b4e7ee59598bf1e9719f72ba,
d912019215c97e4e65e64e3a94fe5fda,
ff2cd417571e9347ed16dace6e2e285a,
65c467e7db4427bfc0edcaaa2d795007,
4824094a0d67d2534da3337d072b73af,
fcb50b03f5c6aa65e7a2fe47fd207122,
30e4eee7b1eed575972fe213679433aa,
6631619fc329743c007c7aab858d9076,
b72d92057d2d9ba1407dfbdaf6ebe622,
e197034f53b017e3ec4879beab662ae9,
90ded5e5c8441a8192485b617c60eec9,
e453f6bdbbd352a883e8ba5974edfd72,
a471dade4b3e097adb60163d2b22cf6f,
4eb01649a2f3d43717309f154e3cd79c,
d276aa75c3462a4d8d64e70aea218a6c,
c4e9e13f1dd5195c748692707669f9ee,
2b296d577ac1fee657542867112e5eba,
37050b287b4f3365844881e08512e8d5,
0afef99dccc244b14254b909995ea38a,
53a469b31afdda8701f72551b432f551,
f2c4af98a58009463253e9d5c57900cd,
618c14d7a3778935ace3bebaa5609336,
9f69ea64299c14f0a82b26b45be5c357,
1994a83ae293e818e2bf4fef09cd2b64,
864ea31c95a6e447bbcad7876cebe76e,
8f006b465eff707ca93703dd09ccd847,
3323d34504ca5149b6bbab15d8449043,
09abe2358c9b1d569974a62a2dab1df7,
82a679b8aaa9dc234d909d0486eaf116,
edd4a7d8bc9963b0ffebb08c9c283381,
16772ea8d704d903bb764a78be1d5aa0,
26b5846d00e6fe0502a67c256052adf6,
a5560875b1aa5cc4668695cfe65a5e29,
667d5e24af5e56e4e5b72f41ed1d5c73,
dca9b1169ba51641996cfb7974220bb1,
c2f6eb3cc80f56d44b29c6df2d2b3fc8,
2100ac7d24dc85db1cde7f04c972886a,
4de7195ee25232da9847f5bdaf9fecab,
555d9d0f652ced03fd84e69d48e89a7f,
3ad8a8df963f31300f52f1f420c8c7bb,
209a7ea0128c8dbb64fd2bfb1cd9da27,
f3d54eb4035e0522242a0a5a92c000fb,
54dae624611949c51b39f829f4a9aaba,
23d4931bacccd3661519af5b23705682,
ce4979f0008b0de32c865db6b3faa907,
4266974112ac0587f7b410da8f747347,
3b1629b4de9cd1e09ea902af565ef01f,
62269724cdeb7d2dce4bc89ac7d83d9e,
24ad8df86b55f37aa6d1b9b55b42586c,
a71cd7bf3e77d63ad3624794216d3749,
629b09fcfb5400212afd7a9b15749855,
7c491f2f60c4a461f9b225f6f9fa6cd9,
2a9e0b37ed2bf08054c400661e435e74,
fb8a9deb66889e0913903250dcbf1e9d,
0d98cf5010755891dc515778701e7ebc,
b72a288bc1c64b5b2b248e3b19bde33a,
11fe2c806168ca4cb3c52130662cd3a5,
c524b4f1efe198a57071dd0fa112f410,
35772d37ecca5a287c8fce2ce41d79d7,
5592e72698940550ff9f425d740b8d0f,
c3d4d4a28cfd31c87bc3bfd6954c5f42,
1db1fce930f5ab149e4df12b80938d45,
ce74242c5e7def56ce96f27ec3aeacdf,
8093a014a6ec6008e304b69dc5cd4579,
8fa6ab25b8f6788986d0076d6eb70b32,
b9e6fae8256d09e2aae52841651a1d28,
8fd01f611322fc76f2d0280dfb1a8e81,
c73b01fb6ace02d13248d438c6fd5af3,
8d67f5dda30e3f0ad568dc1a82067acb,
e566969615e238d114962e2ff97bb58b,
6cffab977d2db5fc503ee756e6b03049,
f18a2d5214a3d8dc696f2ad8279c3105,
f09b8ebee53a3a9cbe7bc09b17f68c0b,
7023b9f972e8c764012f66fb8f205ffe,
26489945a91f85880556efb2b27fdc10,
a7a5fbd8a3b216bf60e4bc826d2edc77,
24b13e2a4ac359f561ea9267939e5bce,
cc4c0814c0671e131b1b39c786333b79,
d0be4f03cf06e19b0324b32dccd63948,
ddd3815834380031d5769ac61d24fce2,
190ed125fa69e220a64ce49ddd323219,
9acad4367dadfbc0fbcd5884d72516f2,
a94aa9355db76bea2457b3d8c46f7abc,
a7e18c34ab0e014f16b0829375af5def,
8a15715405805b62add5ffac36b92db2,
1d2bfc5253c7362df3c53d630c5b53d7,
181e96987a3d313137c511796ecede33,
7746b0359bffc96c0669739f3206813b,
8bb2b60dece1b816dfd6ef8ff0070da9,
c877cb3557d681c4df5b433bb7f2c08c,
70ab108f6c632dc056ca933c694c9549,
4c667aad84d069b25260f86af1071785,
60e3c0dee5ec145891ef2290fee40d4c,
a231dff6e40c5eb328f2af3818103a85,
01f9be1f0084f31c2f5175c62c113291,
941289e7f88ce300934d4dce11945298,
d025f75585e9147bfca5aeb54a97ffa1,
d0eb848941841babddf985ccfc34d9c6,
9f3b567b80d8be9fedc3c94200d45cd4,
18a8010786c2f524ea92acfd6b8d2c93,
db1f690b281459b53912b184033fb703,
2e52dfa77b11b685e164026760c9b21c,
80b934258992e5a9e587b5841de3f6a1,
d386fe20a45c5557658da031f56c83f7,
bf3006e5a0aba45c8eb3af0a9c294cdd,
5d18d015162521aa7317a59e92c4f8bb,
46eceb515ac6bf095035e73b88e55acf,
6d5ae409c7206e8d710d2785a2cd9bb8,
14a51809c51f4131d6062b72f7fc62df,
672b7962eb8162451652fdfadc3c781f,
8eac2eba07478cbc4a4b215da89ce3b8,
ab83b6e8997e830a29197902c425d851,
49c92cfd01520b6d89a213b9769bbda8,
e6cd9662b999e822de8d558f7fbeb3c4,
d95c6a89f2466828496255aa23dcc9e2,
6e09d0bf7b40f32cbcc65791375c0b00,
70623b8c299a7fa2243d5cb5beeef585,
0f20b01ff2dfe1fa0253a39d3eb175d1,
a1d9e816b31bd4d8bb04c1a95c9bef7c,
1ea8ab6b8f7b3796449378c692a162e3,
f8385a19b3f27c5976e411a33a80ead3,
fc0cec37d8bf2119926209b314068014,
b73ef664f6505557504371fd6123753a,
fb88e4d0a0c4616966965b877da2c8b3,
598d33aa75636a4891721af9f22c5114,
87282272ea2ac52f2ead039dc9c5f3ed,
6bcb14a22c67ae7e4c8146fa8694c71c,
b197e23076747990697d2c558282fc2d,
8fd4d7a2a80672dda87134353a814430,
90eb97b1496684f9dca53cd98ef7cb07,
0666d1a505c3cb8438e2e9a52458b78d,
998524b148af01f749b95c053d4a0fd9,
c0b3872f5ca9ff8fb9d04f17ee7d986f,
8e33ff0dcccd57a048b0edb2b9512a81,
94ff5d4093a4062ce0e036e0428091aa,
8070ba24c2c5de8653ca85e393d9e3e9,
b3c24c30b6a02717a32d11a1747ad065,
2889b404e16f30a5b202fb8562cd181d,
cca0689ca1f4bb0bac00074494e1f91c,
e43d9c9ca77693d1067e04bc6334b436,
e407d07e4ea31727d8a44f9c91e1450f,
ec42f81f24185a907ccc5d6c715f10f3,
feeb49086ae3b932a562e59d738ac84b,
83846a8119dce18a45e95e1d83c8d804,
f6a69f3bc22838b9441f6e8a3c5cec5a,
89fe7083ee31a32a35637e89b652a6ee,
cca98f6856ce89a432d0d3ef7dfcc41a,
a73f1559809877763300ddd5d79f3567,
2d80911d20a3152afac7cc8e8e04d0aa,
cf8ab17e6352c1fcc94fc7cdc329d979,
039b8aeef20551ee6112264061084d82,
2c2b47d1b796f93337ee768f0027df57,
7866d51552f70c5f5a985c5aa6635912,
a78f25e074fc2c4e7b26fcfd4a7b6625,
89ef57133edc3e20a7d36d63c286f47b,
28b34932fa534209a3c024e9fd6fd610,
95606f36525f93be074725f45b95afda,
fb1a6efdaae30f0397951fff0f243f31,
0191f047a97cb0c50fa386fb55ce4c7a,
ad56f7f0bba4824bfffe1f79c702cc2f,
0e416cbd47b5bc514826c7400a451e8c,
b9c6e65dd7f3caf6cd1071925e837184,
84234eb49019fd2f0d1f869540d088bc,
99dff3eedf5cb65e85d3c007a42c7ada,
574176d2dc1d7cf95f94115d9d742d52,
c77431aaa5316c4a74771988b8e466c7,
6f6650a8de2a57edc1a6e4a82f379c23,
913f9027ba04f769032ecf62cda6c795,
a9683963f2b04972fad918059301347a,
56cd26bbf5d49994e2d275ed2a279500,
884fb9cd76d3d2ffc1499a8ec6b8c7ef,
27dc70bc2bc38bcc33ead0a085d97d38,
adcd0c673ec6ea325976d60947320fe7,
5adf7804297376f02a17094671c739c6,
1e7d7ea3671bc275863e806062aae3e8,
10de9e4d39167f24981c541e67ac52ea,
78b81d59ac1c2168dd6a2a58552f0cbe,
094e9875d28906c94055471fa83ed1e7,
a3f2c06bf3a16c45b920b84ec3ae3528,
c65e4645dba3852a3e45dbc57f756588,
954a2aa5cfe084cad97e66e4c16d4d4b,
4dd304f0ad9cb78e23db71f37a87a4d6,
13d3e234e14ca0f185b3d79219a84f0b,
4b76261c623c35ebc4039fe0470ff796,
6bd843a574702cb9024f760a9441af5d,
edd8c1e005754fb350e8dd3aa43745fe,
e1b7bef1ef6ecb56fb2af0e04cadd437,
5396aa912c0941f8f8b811cca76ca7d7,
29f4f71ba3b7f67a1b895d5a45a5437d,
7482bc08a6a216172ca63383519f0a50,
c906f5aa1b65dea158961555797729fc,
d724f157782fe111ed6a3eba5b922bcb,
f706ffee11e19e67a773098d6050a7a3,
7244a651373221325d993dd8a5afac80,
f238eb8c3848e89fe37c6ce0f98eff43,
f2cf117c93a3ec5cbd6e7d12128bf1e3,
6a1db50281a8a1ddc7567db82b47bb5d,
0c8c04dc9c080e1ceba60d34e2d2430e,
8b78bb08e8464caf286a2e562dbb0026,
8b8fce693774634d829b5c8a2de49bf2,
7da8dac1f535c1372d036254ac02352e,
61d4404530ed5b7ecbc92184581d4d4e,
603f463bbef838b3859baf6ba4a5f896,
0a3db70f398b01f6bd5915513654867c,
9ca61221f4fc6bdf6a9486b5d4a0b322,
6a5f4c8c0d8dc6020cc815415110d850,
7991562dcffd91b99342014173b38d0a,
496bd5130c6b2554560975c67ca29bb4,
078483dbd327c031cd7b964bc85c1418,
d38c8ab8e059e6ecf4dac10dd3fa8eae,
be44ef17b0d5d0ce271f74ab4cd81f99,
4a92b5d7a1979fb63d80db9d2f329223,
110454eab947577080cb52550d6f55dc,
74b31bf57e60d152984ed7db239832e9,
9ccce3cda1e6654c05b0a3bd61f97877,
97df577ac38cc12ad9b7bf0ce4a79477,
012a1cc78554676cff38138679bc9e7c,
51977d3c2a9e71cdcb49346be685b983,
361ccda5d358adfb5e63004703dead54,
7920cf36e24220631825ffcebdd04a13,
4874f83450e42f4544794ccee5a459b4,
b4b85a0dfb7f051f5a414494b27af818,
21028953462e038a3cd888c28b9136f3,
928777e0560c9e45a13032405ecdc9a6,
0056d74ee3882caca4c788f812098050,
53b2069d84b2f946d423e361157bc6c1,
bbf56df93d8f4eb6dd2eb8603efa17cd,
d25352ffe65b905316db3e5aed2e5999,
09d691896f67e3d3a0f9f73c305d09e9,
8fcc03b6bbad36a591018e9009b5f16d,
88a4360904743630368b2df4cb9869dc,
18abe4809db833efa51b1f67acc4282a,
f145b7531acdeff79a10aae5f81c8524,
45c5b4f0f6ec9e04952a6fe454b1cfc1,
0379f7bbd961947de5d1a7f1542ab829,
222f153036a274418479f36e2f321f74,
ce3ae17c92067b10beff757ed4a49020,
454d2a032d7b06e48e4fc5676a413c43,
1618dd465f938e1e887180a08d88be6d,
76e4d6d28e7390d3b3f09db1ae414406,
4c149b2a9dc702d4da1e28659b70db68,
0b369893e9927de3d1eca31b2dc76c51,
dced7620c36b6cba5a815bd2b15b5578,
a1d769a39b7694f41ea415638f212342,
e9974dc8ad0f52591a015daf0a60cc9c,
207ae71d07402afe3a531098a637f217,
4e75eca1212eafbb6f962a6344cdc179,
4d76a23fb1cb23394e3ef1840335121f,
22c28b8ba97068db84a42325133ee829,
d9b75547296b2d05f419a06c4909fb61,
ac67b8e7c14ce1dac9a1affe7c1ae68c,
e9e0e314d41063633b4bdf5994106d18,
77203a04320350dc94f29d4f11d889af,
852c54069e4dd41f2bea21552c381deb,
47af8ce742c77d6cd805198545be6030,
eb367e6a207805e563583b31fb6f98af,
57acab4692e0ee1d609380f283a4f3aa,
f9e488063c283d408f899cfb30f492b7,
83e77511b315c7cdb0e78b8fd3ced3ac,
dbd4c8db895816c3ba0750dce2ab1f5b,
2eeb737b55f8197edb61598e591dd968,
6061c0bc8fce7c57b0fd27941c3ee7c6,
768e5653bee7730325b56619a45eef0c,
6f8e29eac67c6c7eb5dd11e25d541319,
8f8477669499c5397fc9d7c3990e6e9b,
c1e61e0e393da6eb9b4ebd3a79527280,
e2aa24ebcb471afac11c5571cd29518c,
22ba1332596cdddc28336ee8acd4dda1,
e8b240d84e41b9a99e2fd2f1fac574d1,
4326930c86a841a83e49d545942e1302,
8fd34c2baf923ed4ae2ffc2bbb92708e,
d0606a21ac73dce0c036871a11f3af51,
13ef6e1fca21977a466d3c332fcf9883,
716d75bbde421d5c8beb18943dfea34d,
fe32ff00b76c98b99e0fa991fd32f8ad,
4db2b762ae6343e591a2b13bb537d0b6,
3ea5b4259d27c3335641a50968e838a1,
115a2539d592539f3bf6bb628461c333,
94d56580efbb46c40344ff57e4b7fbba,
9d7528e079a6459d99135748769581d0,
dd42ceffa75855be74e49f1ff77ab256,
161f3a7681991d32f99f725b2a85a626,
eb9e4d7215ba8f6734be42f91471f993,
d39b309b36f226f23e510b636f68b30c,
c76aeabe4fb948c68590daac9c7522e4,
a53fef97b84c877ef6a72fcc28128348,
f88357d04700dee67fb820d921233705,
e2c8851ddc20644ff625c131d0645a87,
f70e43592cfc53b30836d81dd29c71a0,
a679b7787055352abb633a8ad7694660,
818b1ecd5118b44fae699bb5f2db39bd,
02c747363167f53c8b54e67b7b0e89e7,
345adc7737badc95c158814b2dc74198,
d632c919fd05657ef34dbbf8e46f8dfd,
44571974a7192a69486bd26f8e7aac4c,
c87d12324afdfd76695102fb62312dd9,
4be9c5de7a469dcadb96510d66e97497,
b4f6257ed78c94a084b39a0b5c29fa4a,
33c617762143aaf459ff89924b063b57,
ce24604e71ef807a7862bac32323bb8a,
f7ad8e4daee950b883f57aa3284df5da,
3d28657899547c64095e540c4476941c,
9a278e2c92c697511d4dee520c9944c2,
941647c7c92800f5d975170c6cd190d5,
aa9db8747fc61c73c97066b54298a841,
5b7f683ce67b1c248542d581e3afb172,
06640d64447128f37696adc2f91f86ff,
ee6c11c71a23d00f8452c30f65ab1180,
7995f0b07ffd138b413dfdfd13801a4c,
97c7c2e412ee0c72c40b6e32f622c2ec,
6a26e32de9caee9a7819e9c49aee34a5,
e75c872f89ab7535b892afd98078a102,
dfd0f47b325d1c3c59f6724a55e88d62,
bbb9960fc5c8b45033249d73af21b544,
66991c6ea356d490a76b1c5245d43273,
e47d153b1b898d68f47a364cd2f60ca9,
434d38cc08d34fe3ff60bfceab8c850d,
59343bc10a3bdc19264711370a8b8fa7,
cf84635311c0a6572284b735cd374218,
235c370a93a268f70c5ac6dd67017733,
3f7276a6eb5967082a5aa19f34d1b3c5,
dfd1ad8dfb680f9e72fa59f6856bbf4a,
ebb9efbb6548fb7777b95f957653a10a,
2510879ba0233f22e7bfa55f90ee2baa,
b7466462da63e2d0e691fd4f84ff53f0,
03de9c076ffb4a45e234ea8428446e68,
8a3a7fd353dcb0331b1a16d92ac3a515,
ca7b48cf7e733b9d5270c79cda6a32d5,
07d32a35289dfe60bc3d9626bf3b6979,
4430581eb849be514cd6cb4eca5ac4b0,
7dce812eba28b663e066f64c49692cdd,
b9ad336ac7cdec18bea58c9a581502fa,
0c149e95cdfc620e9bdf72b81f354e2d,
86df4c06ccf7d194ed78d37e98425043,
04622e5dcc0ba813743bdae75de079ee,
34905ba18305647d3befb5c1a07d4027,
9233fc63f015df615729901d6d0f385a,
45fe76cd21e9aaae454ffbaa8a10e9bb,
3e08ddfad1e0425a91c1c4a2b0060c36,
0176971f4e5d5a1fbf73bf4f83f2d712,
e723d2887c0d64fd47802966450c0b7e,
f98e0aa70347bb44ed2d3d358404601a,
3f6cdedda98ff28dbcc92f18aa50f300,
6394a01e61f01eb4abc890d756a6c444,
35354696fecc60d29098fe1a2e186409,
a20d6c82629bc9f264edd1b56a7daf15,
cf26153a12f728ce0cf4194572d10ac7,
aa71b748d7742f4c44aa5a7df68e2594,
91cb3d1e3372881d8ace4f9d0ee1e7f5,
7983fabeb31a498eca6393248e7d0607,
d32dbbe4854155131db992c4f11102ea,
65924655b9b1ff799434abedf3f5f0a5,
39682209138c1dd52ed8044b4098dd20,
89de3b8191480abac6344c0baaaab604,
5d6b09e323e7c6b838e2a2e5be6304d1,
6c872b29f4670a45347fc485d1c5e3a6,
b4d4790774519c5a5e1a25253ae16eca,
b9d02ea9773a9b7bbee78357c2402286,
f11221b0f24ff0ae698daebab69cea16,
8a694560886e11a58de21779eeebeaa0,
eac6cf87ee51499b216d804fb49d6d96,
e86ae61a726549de45a6f1280648d65b,
3135a58415ba88f92c2948adff1b8b07,
650e14281f286a303d158a95ccb00ed6,
0adf8a487cec40b6a17e75f95a2d04fc,
cad3eae642e93db1e65a9f7322c4da71,
3400fc22b9d01c689741147b186f96be,
1fcda7e62030484c7c338758dfcf66a0,
64a640594cc95c22e57b9c9e1165452d,
8d839062fcf0ec7af3a80b422121aa06,
ace2ce11c7741c2b3f060156235f09cd,
69b89d60c1c6d898532eb57158c68e20,
96dbacbcd73d1c0727751770baafaddb,
155d098e0a4fcb0f74604722afb27c6f,
2d660c582fc5ba7e595886c030dfd30a,
bc833d5bfe1dd3effdd1cde6a17f53f3,
313da0ef22109f59b197c29fcb309b6e,
5835ae82862703bac43a4de5524d8b80,
40aee09f6a1a74e78804534e25eb4445,
f5978470d5e37abc710b955f66882d1f,
8621141a2ccf80398640ffa322106064,
013710d1f0ac778c383a1282621afc77,
3d1075e9fd8b936cd91a3ffb9f6aba72,
abdd3b23493f0acb3c4f29573f7a22c8,
8e9cf3ac0f38df07395615648ef94f3b,
e500527609b7dce51dc421f7fc574ccf,
aea3dfc511c5a16385a1a23d03233fef,
3b374599ce6cb067c7efdace6404c10b,
1e9867ae9244623266a9fcf11977a0da,
3815bd608122d6aafd95bb73187e1cae,
3a229f7fd16f6dbabf1ba7f423d7e175,
d12a29918f3e387255ba683659a8302c,
36fb538ccda85b663788c58da3b41831,
5e3311d4112b55d9d238a846bb278465,
8a768452ed05f8ca2f9257c0370c1e2f,
a2e3e69e0c041752b01c4db9d8aa4c95,
7444f3936398154ae757a1044ab5908e,
4be810945717ba2fa44f7edbebcb0b13,
6fc1dc65b44b7691b6e2e291c004a18f,
71002583d9be8d125fbcb7d77eaa011e,
aa6fc6ec652c3ea00e53123239c0bc7f,
0ecf9323d97d44740db11fed32cfa52d,
a065c17ba4095406990428904fac6037,
6a4561b59b54fc629fef2748e92060e7,
f00d5cee05156458031b6b45c4f64672,
35fbaba9cdb60675037742ed598e8913,
25c75395b622471e16f5d5b80b6aceaf,
50be111a8f5d34deb681f48efe7f2023,
003ad8e7c72f5ce1694387acd46b70ac,
7b4f86050eb9e9f9de5282b92b705759,
776c803f798faa89d1ac7e044114fa23,
c41b14b79d3b68ba56880690027f5dc1,
a1eb5ba52b9abd74365f129747b438c1,
3beb71e5249cc7cbadb945c5bc258bdf,
f6e8d484421c662690bb82341b4fe1bd,
fe778094b09e9c6567e1b717ad8d0d6d,
3ebc44c08aa3cfc8d3db2c505d8303eb,
b1dc3463af16798f216f7391cc1c50a9,
64948fb2c0abd4d9ef73676d53cd90a5,
fc790f722e806bad32c186942aa63c22,
3ee4a7e69bcdd2ee730bd1b37839e22c,
5120750d0eabeffd8eda2d8400833e24,
a2473d0890089909d246c87ee622e50e,
51cfe73c6a12e49a8ddb7c9d24dfff98,
100f80b23b4e731f0825f553c0dc29a2,
73a59ca650fc87449224689a3315324f,
945173c18a98331840f485ab8325c99e,
a0ca8f7feebea6ba929962606309e360,
4182b4df1125510edf1f7a40b0c34689,
4f0af92654f9d8631136125619040739,
b370f082c54d3f631e26b075b389b02b,
5318463bef1e5fdf286d4d17b40b5847,
92d4a1de6ed59a6ca8a98509723b0a79,
3b99ef2e6899ba353e3b3ac8e0c20556,
8159d66eac4999697af13622b65d5fb1,
d9bc6287a36cd305bc270b4e3bbe9e34,
94aee107772049cb9a484dd1c01ff5d0,
097257e36478382a25e3e4bc8fa57de4,
96614fb2f6ff286c5b09648b4cf98447,
882f862df7484484109de947ffb671c4,
b506ed97b7d8c3d7d5b65c9f3b2466e8,
2179f62d060228c411112de98dfba6ac,
a84c1f823772750c36cfaeae70931024,
21396e1157a0c5214611c6ada27774af,
157f68a49e00841e25f66a498de0fb5e,
4167e15b24079496c69dd637f249b45c,
4dcd9e4276d78591a5cc852e1db5ea7f,
eb3e6d443353a767d6e0ca93e9356167,
08e8aeb4324fb7a9081237793f3f130c,
068933758fee7c20f70f93b63d98e970,
e501ae19e454d2591aa715b3c7a989ce,
95aa7c796f0dededca87b5efe46b7d80,
0c15f12832999033de94ba569c74c48a,
509d2de376d8720b20909785f19e4b70,
6e5f5ecf8d78d5bfeb7888a3a8825999,
457b55c580c5ef676be815928c73a222,
b88da01662bbf600ff4b4eff14c67dd1,
d8572d00feb2bb5145912070cfaafbe5,
89ed0f3bba44b708f54510992bf3b01e,
cc2e327e7a665d7f77cc8fce86956ae2,
9eaed1cac6bdae0409907960adc318d5,
1db243bff76991083497211fd84e6cac,
daffede69fbff7f2e2a1a55cfebc6008,
f15d6338f2ce9281cbcfe375021a8fc2,
15f38c5f2fbade83bbf39a463c922764,
7ad5da0152119c229f3faffcf4967f44,
503f7c6295ccb5119ed3a74293c95539,
cdb1b3d972ad9b3821ce12d3307244d2,
8fb6c85e6630ca05b8146679e927b98d,
a4b3bbca894b2e24d5746113d39781da,
ff0d6ae4222ee371aae52bb22f6b65e1,
a55fcc8595919c2d2cf5384a1bebfb4e,
0f236b9d50f9f36bcd8467a007b77459,
ce41e59956017e7055e21bbeb33c756e,
6cccbe2186165e1997f588dcac396709,
82f340cab15a734cbc19998520f3ef3a,
1ab6821688992f52ef5dc3d75c05b9ba,
3afdfdafbb3eda96980fe7bb64b0363e,
133a870c4968f1f775ced9bed74812e8,
a02a1844ebc2c0118d746c81c0f257fc,
ae666bb2a84260331dccb538136ac453,
244d15b0ebc72d2f3be75e10eaecffd3,
cf8284fca5c484224e8258b0a079b85e,
29fe214562bbfa974d5a2ffda0f0f0c0,
c972fcebe49868d931a576ad564b752c,
c957956b9b6bae51735d8d436d87c6e4,
2397450957b7cc7331e514659f1de348,
e2020b8295eb411bddc378c97c78e8f8,
a03313ffee2e46da42277a2dbd656871,
eec9855b1959e4c291e5b52a48d59b3e,
66fc53fba09bee6447e85a27ef92d799,
5220fd249cae0ebfb3d3adf48e1e1af8,
67c7467a3931e869b3aef451e24223a5,
ef7bd8cee5257bd4ad1fc263ea65ab31,
9b098533772fcf6cf1de43f5d6c77e9d,
3aa756319172a9db61112bc9ee101170,
ae812eee2e6f0fec01c84204a7f8b3e4,
2388540dc3e93bb1426a7fa628b1b4c0,
a614b19032799615287b3933b77a0f71,
1035eb4d79e978466f3daad50857641a,
a62c65c0ef1881aef96af439500fad63,
673d9ca12b9cebb1931a9be19f2a8a21,
8c6914ee3e0103f9fa58eb04435a0e41,
a05c4a6cc311d730425e21633066f6bf,
c0141f057b551b88a3b2539e27d4862c,
3905ce0d4ad256e24d567df192dca193,
de9b479df80744049c89ddb696484b03,
b60c1de5ed19b8420bb45d7a8d2c839a,
42b1820dbb0202efcf015ed6823405c2,
1923bee9fb6f659b704c9a527980d847,
a57356f6ffb15f98e6e6eebae4a41c77,
d28add2370d9ca55ccaddd9c535ae670,
5a3359c420917b3b4110ca2ef7be956e,
9d5de67e437aecad0408729dba24b280,
36f0c8f1ce1be53ffe6b964c071f1412,
fbd6559c542b4a5a3cc56d6e26c220c5,
d5348ee3dfe3b13988fb2da3aebb2eb9,
a9b55cbfb5fe298067790fe9ffbdeed5,
ebd696858b924cdfdb92336f58d12c35,
b7126d23dcf60e283da7724454ad6480,
b3697d56f5197557bc52c49f4c1701c7,
d7e0eb1315fe963e8dc5ff93416dec5a,
568b78dd8ba3bd92c2609d3ba10c63fa,
e72cd4b8d1bdfca077b61a66c6f93893,
3c69ecea124f1c5cf777d3764ed00f29,
198ef78c0bd05f2ce11d8510c906509e,
d56fd4f608c3c700a403923df13c0846,
6d79b11deac1ed7db8fc408bf37e5c89,
236cb6d6612b613d7dbfdccb722f079b,
ff8e4e1eea62296004be2bf62004229d,
8a63431c636602ca6445e928cc3e3840,
78a044c1127fa2582fb50791e675e686,
60a570d534576b28843669de7ec0eb45,
e2ea02b45e6892aabd94696b54a86f30,
fe09d34ea2f9d155e9543406534f4258,
f5bc0a19549583f6047a229aaa0b0cd9,
3356d58ba84fd4ea560b1ee5786ea168,
feaa65f0e56ddf2df583206016c949e2,
cf93d148698570093db630e66142a72c,
1a20480ff8aceef724e0f59552931538,
b6f15852c129a2339c8c5029e2212a37,
3391352f39a1a6640deb6e9b7297686a,
fdd42751862809cd0c4b4ce52bc95e3e,
d150190d7dda12ac80b5c578e62b9033,
44b49ff808202c0f8380b94f53cd77ae,
b7aa97432363bddcc19076ac5bdcf02f,
95d4e72e46ccfe34ff7fdc711ed14ed0,
87dae0f01f29d39b73d6da13c1b4a697,
951a23621daab46173c9fc6c769d27f9,
2fc762bbc4f8ca4e45123b61db2fea40,
15a689f5d845117d78dec3cc57de7009,
2866e7e74f88c8f616a35163a0568ec4,
3c8fc1d58a09f2704e4a3f2341040740,
41c5b3eb2f802e8be6215d50f5c26929,
42563f97bd1b150a540bae6a738cd6fc,
f4060ea9781223a744f6003b51289d75,
629fae7361845f22fec86794aac60d9a,
332ede8746f5e7b82bd5d47fe099e1ba,
9a637937bf45156f1ca2fdab33898662,
88dfa223ee9c53b737c4e352557a22b8,
43b7d0daaf653bbcc02757ba6564cd1b,
79592373d3c949b7cb61010a0f257530,
6ae872f92e2109871cae3fe78766b9be,
7d507ea6cc7228f8405d03a667c5ff86,
c28269a0f775702005b35f5bcaf28808,
4481fd22aeaafe61b33c1ebe81d0c4f5,
559de5e0c035ec4896d1764eb608daab,
fb3854321b664545bcf71389956ab509,
c5461ade4eb6222083962d3c2746a6f5,
1ec8454af53a9ca0d940a1882618ba16,
4554169b19b6bb1d58bc2b3e88ffbf57,
