﻿Sample,ASV,counts
323, Arthropoda,5
323, Colpodellida,1
323, core chlorophytes,11
323, Dinophyceae,4
323, Gnathifera,3
323, Lophotrochozoa,1
323, Ochrophyta,5
323, Oomycota,2
323, Zoopagomycota,1
324, Myxozoa,1
324, Zoopagomycota,1
325, Arthropoda,2
325, Basidiomycota,1
325, Cercozoa,2
325, core chlorophytes,9
325, Dinophyceae,2
325, Gnathifera,2
325, Nematoda,1
325, Ochrophyta,6
326, Arthropoda,4
326, Ascomycota,3
326, core chlorophytes,9
326, Dinophyceae,3
326, Gnathifera,1
326, Ochrophyta,5
326, Zoopagomycota,1
328, core chlorophytes,1
328, Gnathifera,1
328, Zoopagomycota,1
329, Arthropoda,1
329, core chlorophytes,3
329, Gnathifera,2
329, Nematoda,2
329, Nephroselmidophyceae,1
329, Zoopagomycota,1
335, Arthropoda,3
335, Ascomycota,1
335, Blastocladiomycota,1
335, Cercozoa,1
335, Ciliophora,1
335, core chlorophytes,6
335, Dinophyceae,1
335, Gnathifera,1
335, Myxozoa,1
335, Ochrophyta,3
335, Zoopagomycota,1
337, Arthropoda,2
337, core chlorophytes,4
337, Gnathifera,1
337, Ochrophyta,3
337, Zoopagomycota,1
339, Arthropoda,2
339, Ascomycota,2
339, core chlorophytes,5
339, Gnathifera,2
339, Ochrophyta,2
339, Zoopagomycota,1
372, Arthropoda,1
372, Ascomycota,5
372, core chlorophytes,4
372, Gnathifera,1
372, Kinetoplastea,1
372, Ochrophyta,2
372, Ulvophyceae,1
378, Arthropoda,1
378, Ascomycota,2
378, Cercozoa,1
378, core chlorophytes,4
378, Lophotrochozoa,1
378, Nematoda,1
378, Ochrophyta,4
379, Arthropoda,2
379, Ascomycota,1
379, Basidiomycota,3
379, core chlorophytes,3
379, Dinophyceae,1
379, Gnathifera,1
379, Ochrophyta,3
380, Arthropoda,1
380, core chlorophytes,3
380, Embryophyta,1
380, Nemaliophycidae,1
380, Ochrophyta,3
380, Zoopagomycota,1
382, Arthropoda,1
382, Basidiomycota,1
382, core chlorophytes,3
382, Nematoda,1
382, Ochrophyta,3
387, Arthropoda,1
387, core chlorophytes,2
387, Dinophyceae,1
387, Ochrophyta,3
387, Oomycota,1
388, Myxozoa,1
394, core chlorophytes,2
395, Gnathifera,1
400, core chlorophytes,1
404, Arthropoda,1
404, core chlorophytes,1
405, Embryophyta,1
406, Arthropoda,1
406, Ascomycota,1
406, Lophotrochozoa,1
407, Myxozoa,1
408, Arthropoda,1
408, Ascomycota,1
414, Arthropoda,2
415, Ascomycota,1
415, Basidiomycota,1
421, Zoopagomycota,1
422, Ascomycota,1
426, core chlorophytes,1
426, Lophotrochozoa,1
426, Nematoda,1
427, Embryophyta,1
428, Arthropoda,2
428, core chlorophytes,2
431, Myxozoa,1
432, Arthropoda,1
432, core chlorophytes,1
432, Dinophyceae,1
433, core chlorophytes,2
433, Lophotrochozoa,1
434, Arthropoda,1
434, core chlorophytes,3
434, Nematoda,1
434, Ochrophyta,1
435, Arthropoda,2
435, Ascomycota,1
435, Blastocladiomycota,1
435, core chlorophytes,4
435, Dinophyceae,3
435, Myxozoa,1
435, Ochrophyta,3
436, core chlorophytes,2
436, Nematoda,1
438, Arthropoda,1
438, core chlorophytes,1
438, Dinophyceae,2
438, Lophotrochozoa,1
438, Nematoda,1
438, Ochrophyta,1
439, core chlorophytes,2
439, Lophotrochozoa,1
439, Myxozoa,1
440, core chlorophytes,1
440, Lophotrochozoa,1
440, Ochrophyta,1
441, Arthropoda,1
442, core chlorophytes,1
442, Myxozoa,1
451, Nematoda,1
452, Mucoromycota,1
453, core chlorophytes,2
455, Arthropoda,1
455, Ascomycota,1
455, core chlorophytes,2
455, Echinamoebida,1
456, Ochrophyta,1
458, Arthropoda,2
458, core chlorophytes,1
459, Arthropoda,1
459, core chlorophytes,4
459, Nematoda,1
459, Ochrophyta,1
470, Arthropoda,3
470, Lophotrochozoa,2
471, Arthropoda,4
471, Mucoromycota,1
472, Arthropoda,1
472, Lophotrochozoa,1
474, Arthropoda,2
474, core chlorophytes,1
474, Ochrophyta,1
476, core chlorophytes,1
476, Lophotrochozoa,1
477, Arthropoda,1
477, core chlorophytes,2
477, Dinophyceae,1
477, Gnathifera,2
477, Nematoda,1
477, Ochrophyta,3
481, Arthropoda,1
481, core chlorophytes,1
481, Myxozoa,1
481, Nematoda,1
481, Ochrophyta,1
485, Mucoromycota,1
486, Arthropoda,1
487, core chlorophytes,1
487, Ochrophyta,1
488, Arthropoda,2
488, Lophotrochozoa,1
488, Myxozoa,1
490, core chlorophytes,1
490, Lophotrochozoa,1
491, Cercozoa,1
491, core chlorophytes,1
491, Lophotrochozoa,2
491, Nematoda,2
491, Ochrophyta,1
492, Lophotrochozoa,1
492, Nematoda,1
492, Ochrophyta,1
493, Arthropoda,1
493, Lophotrochozoa,1
494, Arthropoda,1
494, Ascomycota,1
494, Microsporidia,1
495, Arthropoda,2
495, core chlorophytes,1
495, Gnathifera,1
495, Lophotrochozoa,1
495, Ochrophyta,1
496, core chlorophytes,1
496, Lophotrochozoa,1
496, Nematomorpha,1
497, Basidiomycota,1
497, Lophotrochozoa,1
497, Ochrophyta,1
498, Arthropoda,1
498, Nematomorpha,1
499, Arthropoda,2
499, Basidiomycota,1
499, core chlorophytes,2
499, Myxozoa,1
499, Nematomorpha,1
499, Ochrophyta,1
501, core chlorophytes,1
501, Lophotrochozoa,1
502, core chlorophytes,1
502, Lophotrochozoa,1
502, Myxozoa,1
502, Nematoda,1
