﻿SampleID,Subphylum1
323, Bdelloidea
323, Cestoda
323, Chlorophytes
323, Hexapoda
323, Monogononta
323, Pezizomycotina
323, Stramenopiles
323, Zoopagomycota
323,Alveoloata
324, Myxozoa
324, Zoopagomycota
325, Bdelloidea
325, Chlorophytes
325, Enoplea
325, Hexapoda
325, Monogononta
325, Rhizaria
325, Stramenopiles
325, Ustilaginomycotina
325,Alveoloata
326, Chlorophytes
326, Crustacea
326, Hexapoda
326, Monogononta
326, Pezizomycotina
326, Stramenopiles
326, Taphrinomycotina
326, Zoopagomycota
326,Alveoloata
328, Chlorophytes
328, Monogononta
328, Zoopagomycota
329, Bdelloidea
329, Chlorophytes
329, Chromadorea
329, Enoplea
329, Hexapoda
329, Monogononta
329, Nephroselmidophyceae
329, Zoopagomycota
335, Blastocladiomycota
335, Chlorophytes
335, Crustacea
335, Hexapoda
335, Monogononta
335, Myxozoa
335, Pezizomycotina
335, Rhizaria
335, Stramenopiles
335, Zoopagomycota
335,Alveoloata
337, Chlorophytes
337, Crustacea
337, Hexapoda
337, Monogononta
337, Stramenopiles
337, Zoopagomycota
339, Chlorophytes
339, Crustacea
339, Hexapoda
339, Monogononta
339, Pezizomycotina
339, Stramenopiles
339, Zoopagomycota
372, Chlorophytes
372, Crustacea
372, Kinetoplastea
372, Monogononta
372, Pezizomycotina
372, Saccharomycotina
372, Stramenopiles
372, Taphrinomycotina
372, Ulvophyceae
378, Chlorophytes
378, Chromadorea
378, Clitellata
378, Hexapoda
378, Pezizomycotina
378, Rhizaria
378, Saccharomycotina
378, Stramenopiles
379, Agaricomycotina
379, Chlorophytes
379, Hexapoda
379, Ichthyosporea
379, Monogononta
379, Saccharomycotina
379, Stramenopiles
379, Ustilaginomycotina
379,Alveoloata
380, Chlorophytes
380, Embryophyta
380, Florideophyceae
380, Hexapoda
380, Stramenopiles
380, Zoopagomycota
382, Chlorophytes
382, Chromadorea
382, Hexapoda
382, Pucciniomycotina
382, Stramenopiles
388, Myxozoa
394, Chlorophytes
395, Chlorophytes
395, Monogononta
400, Chlorophytes
404, Chlorophytes
404, Hexapoda
405, Embryophyta
406, Chelicerata
406, Saccharomycotina
406, Trematoda
407, Myxozoa
408, Hexapoda
408, Saccharomycotina
414, Hexapoda
415, Hexapoda
415, Pucciniomycotina
415, Saccharomycotina
421, Zoopagomycota
422, Pezizomycotina
426, Chlorophytes
426, Chromadorea
426, Trematoda
427, Embryophyta
428, Chlorophytes
428, Crustacea
431, Chlorophytes
431, Myxozoa
432, Chlorophytes
432, Hexapoda
432,Alveoloata
433, Chlorophytes
433, Trematoda
434, Chlorophytes
434, Chromadorea
434, Hexapoda
434, Stramenopiles
435, Blastocladiomycota
435, Chlorophytes
435, Crustacea
435, Hexapoda
435, Myxozoa
435, Pezizomycotina
435, Stramenopiles
435,Alveoloata
436, Chlorophytes
436, Chromadorea
438, Chlorophytes
438, Chromadorea
438, Hexapoda
438, Stramenopiles
438, Trematoda
438,Alveoloata
439, Chlorophytes
439, Ichthyosporea
439, Myxozoa
439, Trematoda
441, Hexapoda
442, Chlorophytes
442, Myxozoa
451, Chromadorea
452, Mucoromycota
453, Chlorophytes
455, Chlorophytes
455, Hexapoda
455, Pezizomycotina
455, Tubulinea
456, Stramenopiles
458, Chlorophytes
458, Hexapoda
459, Chlorophytes
459, Chromadorea
459, Hexapoda
459, Ichthyosporea
459, Stramenopiles
470, Chelicerata
470, Hexapoda
470, Trematoda
471, Crustacea
471, Hexapoda
471, Mucoromycota
472, Chelicerata
472, Trematoda
474, Chlorophytes
474, Crustacea
474, Stramenopiles
476, Chlorophytes
476, Trematoda
477, Chlorophytes
477, Enoplea
477, Hexapoda
477, Monogononta
477, Stramenopiles
477,Alveoloata
481, Chlorophytes
481, Chromadorea
481, Hexapoda
481, Myxozoa
481, Stramenopiles
485, Mucoromycota
486, Hexapoda
487, Chlorophytes
487, Stramenopiles
488, Bivalvia
488, Hexapoda
488, Myxozoa
490, Chlorophytes
490, Trematoda
491, Bivalvia
491, Chlorophytes
491, Chromadorea
491, Rhizaria
491, Stramenopiles
491, Trematoda
492, Cestoda
492, Chromadorea
492, Stramenopiles
493, Hexapoda
493, Trematoda
494, Hexapoda
494, Microsporidia
494, Pezizomycotina
495, Chlorophytes
495, Hexapoda
495, Monogononta
495, Stramenopiles
495, Trematoda
496, Chlorophytes
496, Gordioida
496, Trematoda
497, Agaricomycotina
497, Stramenopiles
497, Trematoda
498, Gordioida
498, Hexapoda
499, Agaricomycotina
499, Chlorophytes
499, Gordioida
499, Hexapoda
499, Myxozoa
499, Stramenopiles
501, Chlorophytes
501, Trematoda
502, Chlorophytes
502, Chromadorea
502, Ichthyosporea
502, Myxozoa
502, Trematoda
