﻿sampleid,Species_Letter,Species_short,Species_number,Species,Site,Site_number,Site_x_species,Trichroistia,Callistia,Venusta,Lutrensis,Invasive,Species_present,Site_type,Latitude,Longitude,Date,Month,TBL,Sex,Watershed,OTU_count,Reads_count,18s_OTUs_per_site,18s_PD_SitexSpecies,18s_PD_Site,18s_PD_Species,16s_PD,Water_sample_PD
323,L,C. lutrensis,1,Cyprinella lutrensis,Weiss,8 Weiss,WeissL,No,No,No,Yes,Invasive_lutrensis,NVIL,lacustrine,34.20216,-85.6226,5.19.22,May,7.3,No,Coosa,213,50481,69,67.9,81.6,129.2,244.9245544,151.2006138
324,V,C. venusta,2,Cyprinella venusta,Weiss,8 Weiss,WeissV,No,No,Yes,No,Native_cyprinella,NVIL,lacustrine,34.20216,-85.6226,5.19.22,May,6.9,No,Coosa,197,26454,69,36.9,81.6,46.5,216.3437204,151.2006138
325,L,C. lutrensis,1,Cyprinella lutrensis,Weiss,8 Weiss,WeissL,No,No,No,Yes,Invasive_lutrensis,NVIL,lacustrine,34.20216,-85.6226,5.19.22,May,6.9,No,Coosa,197,52798,69,67.9,81.6,129.2,224.2922857,151.2006138
326,L,C. lutrensis,1,Cyprinella lutrensis,Weiss,8 Weiss,WeissL,No,No,No,Yes,Invasive_lutrensis,NVIL,lacustrine,34.20216,-85.6226,5.19.22,May,6.6,No,Coosa,427,40078,69,67.9,81.6,129.2,405.7813878,151.2006138
328,L,C. lutrensis,1,Cyprinella lutrensis,Weiss,8 Weiss,WeissL,No,No,No,Yes,Invasive_lutrensis,NVIL,lacustrine,34.20216,-85.6226,5.19.22,May,6.4,No,Coosa,374,27936,69,67.9,81.6,129.2,357.4548734,151.2006138
329,L,C. lutrensis,1,Cyprinella lutrensis,Weiss,8 Weiss,WeissL,No,No,No,Yes,Invasive_lutrensis,NVIL,lacustrine,34.20216,-85.6226,5.19.22,May,6.1,No,Coosa,326,30213,69,67.9,81.6,129.2,314.302088,151.2006138
335,V,C. venusta,2,Cyprinella venusta,Weiss,8 Weiss,WeissV,No,No,Yes,No,Native_cyprinella,NVIL,lacustrine,34.20216,-85.6226,5.22.22,May,7.3,No,Coosa,289,32486,69,36.9,81.6,46.5,341.8532562,151.2006138
337,L,C. lutrensis,1,Cyprinella lutrensis,Weiss,8 Weiss,WeissL,No,No,No,Yes,Invasive_lutrensis,NVIL,lacustrine,34.20216,-85.6226,5.22.22,May,6.6,GF,Coosa,239,19841,69,67.9,81.6,129.2,315.6181459,151.2006138
339,L,C. lutrensis,1,Cyprinella lutrensis,Weiss,8 Weiss,WeissL,No,No,No,Yes,Invasive_lutrensis,NVIL,lacustrine,34.20216,-85.6226,5.22.22,May,6.7,No,Coosa,279,28189,69,67.9,81.6,129.2,290.1843017,151.2006138
372,L,C. lutrensis,1,Cyprinella lutrensis,Proctor,2 Proctor,AtlantaL,No,No,No,Yes,Invasive_lutrensis,IL,small_creek,33.7808913,-84.4441272,6.3.22,June,6.6,BM,Chattahoochee,269,17637,47,54.9,54.9,129.2,274.7004793,221.0608825
378,L,C. lutrensis,1,Cyprinella lutrensis,Peachtree,1 Peachtree,AtlantaL,No,No,No,Yes,Invasive_lutrensis,IL,small_creek,33.8074518,-84.3562782,6.6.22,June,6.8,GF,Chattahoochee,195,9499,47,54.9,54.9,129.2,238.4740862,176.558256
379,L,C. lutrensis,1,Cyprinella lutrensis,Peachtree,1 Peachtree,AtlantaL,No,No,No,Yes,Invasive_lutrensis,IL,small_creek,33.8074518,-84.3562782,6.6.22,June,6.9,GF,Chattahoochee,34,26821,47,54.9,54.9,129.2,44.82835471,176.558256
380,L,C. lutrensis,1,Cyprinella lutrensis,Peachtree,1 Peachtree,AtlantaL,No,No,No,Yes,Invasive_lutrensis,IL,small_creek,33.8074518,-84.3562782,6.6.22,June,5.8,GF,Chattahoochee,227,14674,47,54.9,54.9,129.2,237.6004203,176.558256
382,L,C. lutrensis,1,Cyprinella lutrensis,Peachtree,1 Peachtree,AtlantaL,No,No,No,Yes,Invasive_lutrensis,IL,small_creek,33.8074518,-84.3562782,6.6.22,June,6.5,BM,Chattahoochee,254,17476,47,54.9,54.9,129.2,264.1313183,176.558256
387,V,C. venusta,2,Cyprinella venusta,Weiss,8 Weiss,WeissV,No,No,Yes,No,Native_cyprinella,NVIL,lacustrine,34.20216,-85.6226,6.7.22,June,6.2,No,Coosa,192,20027,69,36.9,81.6,46.5,202.276399,151.2006138
388,V,C. venusta,2,Cyprinella venusta,Weiss,8 Weiss,WeissV,No,No,Yes,No,Native_cyprinella,NVIL,lacustrine,34.20216,-85.6226,6.7.22,June,6.2,No,Coosa,192,20027,69,36.9,81.6,46.5,202.276399,151.2006138
394,L,C. lutrensis,1,Cyprinella lutrensis,Weiss,8 Weiss,WeissL,No,No,No,Yes,Invasive_lutrensis,NVIL,lacustrine,34.20216,-85.6226,6.7.22,June,6.8,No,Coosa,52,46644,69,67.9,81.6,129.2,120.8391094,151.2006138
395,L,C. lutrensis,1,Cyprinella lutrensis,Weiss,8 Weiss,WeissL,No,No,No,Yes,Invasive_lutrensis,NVIL,lacustrine,34.20216,-85.6226,6.7.22,June,7.8,BM,Coosa,59,2193,69,67.9,81.6,129.2,107.0908099,151.2006138
400,L,C. lutrensis,1,Cyprinella lutrensis,Weiss,8 Weiss,WeissL,No,No,No,Yes,Invasive_lutrensis,NVIL,lacustrine,34.20216,-85.6226,6.7.22,June,7.4,BM,Coosa,103,40932,69,67.9,81.6,129.2,194.7488371,151.2006138
404,V,C. venusta,2,Cyprinella venusta,Dead,5 Dead,DeadV,No,No,Yes,No,Native_cyprinella,NVIL,lacustrine,34.12852,-85.79367,7.2.22,July,7.3,No,Coosa,35,30136,14,7.1,9.4,46.5,74.91057499,229.1103003
405,V,C. venusta,2,Cyprinella venusta,Dead,5 Dead,DeadV,No,No,Yes,No,Native_cyprinella,NVIL,lacustrine,34.12852,-85.79367,7.2.22,July,8,No,Coosa,268,23510,14,7.1,9.4,46.5,241.3385827,229.1103003
406,L,C. lutrensis,1,Cyprinella lutrensis,Dead,5 Dead,DeadL,No,No,No,Yes,Invasive_lutrensis,NVIL,lacustrine,34.12852,-85.79367,7.2.22,July,6.6,No,Coosa,283,25660,14,7.1,9.4,129.2,321.9471018,229.1103003
407,LV,C. lutrensis x venusta,3,Cyprinella lutrensis x venusta,Dead,5 Dead,DeadVL,No,No,No,No,Invasive_lutrensis,NVIL,lacustrine,34.12852,-85.79367,7.2.22,July,6.6,No,Coosa,156,28457,14,7.1,9.4,0,188.7625395,229.1103003
408,V,C. venusta,2,Cyprinella venusta,Dead,5 Dead,DeadV,No,No,Yes,No,Native_cyprinella,NVIL,lacustrine,34.12852,-85.79367,7.2.22,July,6.8,No,Coosa,185,13836,14,7.1,9.4,46.5,223.5458734,229.1103003
414,L,C. lutrensis,1,Cyprinella lutrensis,Peachtree,1 Peachtree,AtlantaL,No,No,No,Yes,Invasive_lutrensis,IL,small_creek,33.8007,-84.34101,7.5.22,July,6.7,GF,Chattahoochee,33,40558,47,54.9,54.9,129.2,84.87642447,176.558256
415,L,C. lutrensis,1,Cyprinella lutrensis,Peachtree,1 Peachtree,AtlantaL,No,No,No,Yes,Invasive_lutrensis,IL,small_creek,33.8007,-84.34101,7.5.22,July,7.3,GF,Chattahoochee,88,7709,47,54.9,54.9,129.2,118.7820909,176.558256
421,L,C. lutrensis,1,Cyprinella lutrensis,Peachtree,1 Peachtree,AtlantaL,No,No,No,Yes,Invasive_lutrensis,IL,small_creek,33.8007,-84.34101,7.5.22,July,6.9,BM,Chattahoochee,105,31520,47,54.9,54.9,129.2,130.4440452,176.558256
422,L,C. lutrensis,1,Cyprinella lutrensis,Peachtree,1 Peachtree,AtlantaL,No,No,No,Yes,Invasive_lutrensis,IL,small_creek,33.8007,-84.34101,7.5.22,July,6.5,BM,Chattahoochee,208,22029,47,54.9,54.9,129.2,200.933464,176.558256
426,L,C. lutrensis,1,Cyprinella lutrensis,Turkey,9 Turkey,TurkeyL,No,No,No,Yes,Native_lutrensis,NL,small_creek,39.0337601,-94.6881547,7.8.22,July,6.9,BM,Missouri,353,27707,32,50.9,51,129.2,299.4388626,149.0727611
427,L,C. lutrensis,1,Cyprinella lutrensis,Turkey,9 Turkey,TurkeyL,No,No,No,Yes,Native_lutrensis,NL,small_creek,39.0337601,-94.6881547,7.8.22,July,6.8,GF,Missouri,31,15120,32,50.9,51,129.2,44.93138431,149.0727611
428,L,C. lutrensis,1,Cyprinella lutrensis,Turkey,9 Turkey,TurkeyL,No,No,No,Yes,Native_lutrensis,NL,small_creek,39.0337601,-94.6881547,7.8.22,July,7.3,GF,Missouri,449,43967,32,50.9,51,129.2,383.0222152,149.0727611
431,L,C. lutrensis,1,Cyprinella lutrensis,Turkey,9 Turkey,TurkeyL,No,No,No,Yes,Native_lutrensis,NL,small_creek,39.0337601,-94.6881547,7.8.22,July,6.7,BM,Missouri,221,25220,32,50.9,51,129.2,231.5019341,149.0727611
432,L,C. lutrensis,1,Cyprinella lutrensis,Turkey,9 Turkey,TurkeyL,No,No,No,Yes,Native_lutrensis,NL,small_creek,39.0337601,-94.6881547,7.8.22,July,6.3,BM,Missouri,342,30713,32,50.9,51,129.2,328.7370272,149.0727611
433,L,C. lutrensis,1,Cyprinella lutrensis,Turkey,9 Turkey,TurkeyL,No,No,No,Yes,Native_lutrensis,NL,small_creek,39.0337601,-94.6881547,7.8.22,July,6.7,GF,Missouri,412,35284,32,50.9,51,129.2,371.8597545,149.0727611
434,L,C. lutrensis,1,Cyprinella lutrensis,Turkey,9 Turkey,TurkeyL,No,No,No,Yes,Native_lutrensis,NL,small_creek,39.0337601,-94.6881547,7.8.22,July,6.4,BM,Missouri,346,37326,32,50.9,51,129.2,300.0835454,149.0727611
435,L,C. lutrensis,1,Cyprinella lutrensis,Turkey,9 Turkey,TurkeyL,No,No,No,Yes,Native_lutrensis,NL,small_creek,39.0337601,-94.6881547,7.8.22,July,7,BM,Missouri,257,24788,32,50.9,51,129.2,215.6272046,149.0727611
436,L,C. lutrensis,1,Cyprinella lutrensis,Turkey,9 Turkey,TurkeyL,No,No,No,Yes,Native_lutrensis,NL,small_creek,39.0337601,-94.6881547,7.8.22,July,6.9,BM,Missouri,376,38679,32,50.9,51,129.2,360.6334663,149.0727611
438,L,C. lutrensis,1,Cyprinella lutrensis,Turkey,9 Turkey,TurkeyL,No,No,No,Yes,Native_lutrensis,NL,small_creek,39.0337601,-94.6881547,7.8.22,July,7,BM,Missouri,298,19954,32,50.9,51,129.2,285.0766838,149.0727611
439,L,C. lutrensis,1,Cyprinella lutrensis,Turkey,9 Turkey,TurkeyL,No,No,No,Yes,Native_lutrensis,NL,small_creek,39.0337601,-94.6881547,7.8.22,July,6.2,BM,Missouri,215,18336,32,50.9,51,129.2,201.2610864,149.0727611
440,L,C. lutrensis,1,Cyprinella lutrensis,Turkey,9 Turkey,TurkeyL,No,No,No,Yes,Native_lutrensis,NL,small_creek,39.0337601,-94.6881547,7.8.22,July,6.5,BM,Missouri,278,22114,32,50.9,51,129.2,289.8612279,149.0727611
441,L,C. lutrensis,1,Cyprinella lutrensis,Turkey,9 Turkey,TurkeyL,No,No,No,Yes,Native_lutrensis,NL,small_creek,39.0337601,-94.6881547,7.8.22,July,6.5,BM,Missouri,278,22114,32,50.9,51,129.2,289.8612279,149.0727611
442,L,C. lutrensis,1,Cyprinella lutrensis,Turkey,9 Turkey,TurkeyL,No,No,No,Yes,Native_lutrensis,NL,small_creek,39.0337601,-94.6881547,7.8.22,July,6.8,GF,Missouri,215,16276,32,50.9,51,129.2,284.8697116,149.0727611
451,V,C. venusta,2,Cyprinella venusta,Locust,6 Locust,LocustV,No,No,Yes,No,Native_cyprinella,NV,med_river,34.023618,-86.5731746,7.14.22,July,9.9,GF,Coosa,283,27900,11,0,7.6,46.5,259.0826652,183.1140847
452,C,C. callistia,5,Cyprinella callistia,Locust,6 Locust,LocustC,No,Yes,No,No,Native_cyprinella,NV,med_river,34.023618,-86.5731746,7.14.22,July,9.8,BM,Coosa,231,25889,11,7.63,7.6,34.3,219.2196397,183.1140847
453,C,C. callistia,5,Cyprinella callistia,Locust,6 Locust,LocustC,No,Yes,No,No,Native_cyprinella,NV,med_river,34.023618,-86.5731746,7.14.22,July,8.2,BM,Coosa,302,21950,11,7.63,7.6,34.3,236.6387556,183.1140847
455,C,C. callistia,5,Cyprinella callistia,Locust,6 Locust,LocustC,No,Yes,No,No,Native_cyprinella,NV,med_river,34.023618,-86.5731746,7.14.22,July,9.8,BM,Coosa,294,17963,11,7.63,7.6,34.3,237.6883709,183.1140847
456,V,C. venusta,2,Cyprinella venusta,Locust,6 Locust,LocustV,No,No,Yes,No,Native_cyprinella,NV,med_river,34.023618,-86.5731746,7.14.22,July,8.2,BM,Coosa,63,43197,11,0,7.6,46.5,81.40910816,183.1140847
458,C,C. callistia,5,Cyprinella callistia,Locust,6 Locust,LocustC,No,Yes,No,No,Native_cyprinella,NV,med_river,34.023618,-86.5731746,7.14.22,July,8.5,BM,Coosa,293,17037,11,7.63,7.6,34.3,249.1695186,183.1140847
459,C,C. callistia,5,Cyprinella callistia,Locust,6 Locust,LocustC,No,Yes,No,No,Native_cyprinella,NV,med_river,34.023618,-86.5731746,7.14.22,July,8.9,BM,Coosa,275,15301,11,7.63,7.6,34.3,247.4302421,183.1140847
470,V,C. venusta,2,Cyprinella venusta,Coosa,4 Coosa,CoosaV,No,No,Yes,No,Native_cyprinella,NV,lacustrine,34.2517286,-85.3806731,7.20.22,July,7.3,No,Coosa,43,41554,14,7.1,9.4,46.5,56.10116166,229.1103003
471,V,C. venusta,2,Cyprinella venusta,Coosa,4 Coosa,CoosaV,No,No,Yes,No,Native_cyprinella,NV,lacustrine,34.2517286,-85.3806731,7.20.22,July,8.3,GF,Coosa,40,40598,14,7.1,9.4,46.5,82.76410236,229.1103003
472,V,C. venusta,2,Cyprinella venusta,Coosa,4 Coosa,CoosaV,No,No,Yes,No,Native_cyprinella,NV,lacustrine,34.1656421,-85.3964077,7.20.22,July,5.8,No,Coosa,39,21435,14,7.1,9.4,46.5,72.07295918,229.1103003
474,L,C. lutrensis,1,Cyprinella lutrensis,Weiss,8 Weiss,WeissL,No,No,No,No,Invasive_lutrensis,NVIL,lacustrine,34.20216,-85.6226,7.21.22,July,6.3,No,Coosa,320,29806,69,67.9,81.6,129.2,288.5498345,151.2006138
476,V,C. venusta,2,Cyprinella venusta,Weiss,8 Weiss,WeissV,No,No,Yes,No,Native_cyprinella,NVIL,lacustrine,34.20216,-85.6226,7.21.22,July,7.6,No,Coosa,417,38258,69,36.9,81.6,46.5,369.688046,151.2006138
477,V,C. venusta,2,Cyprinella venusta,Weiss,8 Weiss,WeissV,No,No,Yes,No,Native_cyprinella,NVIL,lacustrine,34.20216,-85.6226,7.21.22,July,6.3,No,Coosa,334,32262,69,36.9,81.6,46.5,305.2262524,151.2006138
481,C,C. callistia,5,Cyprinella callistia,Terrapin,7 Terrapin,TerrapinC,No,Yes,No,No,Native_cyprinella,NT,med_river,33.9787995,-85.601604,7.26.22,July,7.5,BM,Coosa,372,33769,18,25.1,25.1,34.3,303.2063954,212.1895072
485,C,C. callistia,5,Cyprinella callistia,Terrapin,7 Terrapin,TerrapinC,No,Yes,No,No,Native_cyprinella,NT,med_river,33.9787995,-85.601604,7.26.22,July,7.1,GF,Coosa,270,30027,18,25.1,25.1,34.3,241.5875623,212.1895072
486,C,C. callistia,5,Cyprinella callistia,Terrapin,7 Terrapin,TerrapinC,No,Yes,No,No,Native_cyprinella,NT,med_river,33.9787995,-85.601604,7.26.22,July,7.8,BM,Coosa,276,28096,18,25.1,25.1,34.3,239.9289114,212.1895072
487,T,C. trichroistia,4,Cyprinella trichroistia,Terrapin,7 Terrapin,TerrapinT,Yes,No,No,No,Native_cyprinella,NT,med_river,33.9787995,-85.601604,7.26.22,July,6.1,GF,Coosa,349,40562,18,25.1,25.1,35.2,266.755953,212.1895072
488,T,C. trichroistia,4,Cyprinella trichroistia,Terrapin,7 Terrapin,TerrapinT,Yes,No,No,No,Native_cyprinella,NT,med_river,33.9787995,-85.601604,7.26.22,July,5.8,GF,Coosa,114,29035,18,25.1,25.1,35.2,161.1247802,212.1895072
490,T,C. trichroistia,4,Cyprinella trichroistia,Terrapin,7 Terrapin,TerrapinT,Yes,No,No,No,Native_cyprinella,NT,med_river,33.9787995,-85.601604,7.26.22,July,6.8,BM,Coosa,307,33519,18,25.1,25.1,35.2,256.6841541,212.1895072
491,T,C. trichroistia,4,Cyprinella trichroistia,Terrapin,7 Terrapin,TerrapinT,Yes,No,No,No,Native_cyprinella,NT,med_river,33.9787995,-85.601604,7.26.22,July,6.1,BM,Coosa,248,31005,18,25.1,25.1,35.2,211.2066288,212.1895072
492,T,C. trichroistia,4,Cyprinella trichroistia,Terrapin,7 Terrapin,TerrapinT,Yes,No,No,No,Native_cyprinella,NT,med_river,33.9787995,-85.601604,7.26.22,July,5.6,BM,Coosa,224,22716,18,25.1,25.1,35.2,235.3657114,212.1895072
493,V,C. venusta,2,Cyprinella venusta,Conasauga,3 Conasauga,ConV,No,No,Yes,No,Native_cyprinella,NVNT,med_river,35.0098005,-84.7341849,7.28.22,July,10.9,GF,Coosa,45,22835,16,13.1,26.1,46.5,82.75624836,38.90902923
494,C,C. callistia,5,Cyprinella callistia,Conasauga,3 Conasauga,ConC,No,Yes,No,No,Native_cyprinella,NVNT,med_river,35.0098005,-84.7341849,7.28.22,July,9.7,BM,Coosa,318,32791,16,21.9,26.1,34.3,265.4699357,38.90902923
495,T,C. trichroistia,4,Cyprinella trichroistia,Conasauga,3 Conasauga,ConT,Yes,No,No,No,Native_cyprinella,NVNT,med_river,35.0098005,-84.7341849,7.28.22,July,9.3,BM,Coosa,333,39410,16,21.9,26.1,35.2,276.1066936,38.90902923
496,T,C. trichroistia,4,Cyprinella trichroistia,Conasauga,3 Conasauga,ConT,Yes,No,No,No,Native_cyprinella,NVNT,med_river,35.0098005,-84.7341849,7.28.22,July,9,BM,Coosa,347,39211,16,21.9,26.1,35.2,324.1587191,38.90902923
497,T,C. trichroistia,4,Cyprinella trichroistia,Conasauga,3 Conasauga,ConT,Yes,No,No,No,Native_cyprinella,NVNT,med_river,35.0098005,-84.7341849,7.28.22,July,7.6,BM,Coosa,187,36565,16,21.9,26.1,35.2,191.6391612,38.90902923
498,C,C. callistia,5,Cyprinella callistia,Conasauga,3 Conasauga,ConC,No,Yes,No,No,Native_cyprinella,NVNT,med_river,35.0098005,-84.7341849,7.28.22,July,7.5,BM,Coosa,250,23600,16,21.9,26.1,34.3,242.1952042,38.90902923
499,V,C. venusta,2,Cyprinella venusta,Conasauga,3 Conasauga,ConV,No,No,Yes,No,Native_cyprinella,NVNT,med_river,35.0098005,-84.7341849,7.28.22,July,6.8,BM,Coosa,283,30116,16,13.1,26.1,46.5,287.5186763,38.90902923
501,V,C. venusta,2,Cyprinella venusta,Conasauga,3 Conasauga,ConV,No,No,Yes,No,Native_cyprinella,NVNT,med_river,35.0098005,-84.7341849,7.28.22,July,8.6,GF,Coosa,327,33520,16,13.1,26.1,46.5,295.8028409,38.90902923
502,V,C. venusta,2,Cyprinella venusta,Conasauga,3 Conasauga,ConV,No,No,Yes,No,Native_cyprinella,NVNT,med_river,35.0098005,-84.7341849,7.28.22,July,7.3,No,Coosa,304,25728,16,13.1,26.1,46.5,299.3509299,38.90902923
