﻿Site,Site_x_species,Species_present,Site_type,Latitude,Longitude,Month,Watershed,ASV_count,Reads_count,18s OTU #,18s Diversity for species x site,18s Phylogenetic Diversity,16s_reads_#,16s OTU #,16s PD,Water_sample_OTU#,Water_sample_PD
Weiss,WeissL,NVIL,lacustrine,34.20216,-85.6226,May,Coosa,279,28189,0,0,0,0,0,0,0,0
Proctor,AtlantaL,IL,small_creek,33.7808913,-84.4441272,June,Chattahoochee,269,17637,0,0,0,0,0,0,0,0
Peachtree,AtlantaL,IL,small_creek,33.8074518,-84.3562782,June,Chattahoochee,195,9499,0,0,0,0,0,0,0,0
Dead,DeadV,NVIL,lacustrine,34.12852,-85.79367,July,Coosa,185,13836,0,0,0,0,0,0,0,0
Turkey,TurkeyL,NL,small_creek,39.0337601,-94.6881547,July,Missouri,215,16276,0,0,0,0,0,0,0,0
Locust,LocustV,NV,med_river,34.023618,-86.5731746,July,Coosa,283,27900,0,0,0,0,0,0,0,0
Coosae,CoosaV,NV,lacustrine,34.1656421,-85.3964077,July,Coosa,248,30238,0,0,0,0,0,0,0,0
Terrapin,TerrapinT,NT,med_river,33.9787995,-85.601604,July,Coosa,224,22716,0,0,0,0,0,0,0,0
Conasauga,ConV,NVNT,med_river,35.0098005,-84.7341849,July,Coosa,45,22835,0,0,0,0,0,0,0,0
